"Ключевое слово","Показов в месяц",Тренды,CPC,Конкуренция
"полировочная машинка",6600,"2024-12: 5400, 2025-01: 6600, 2025-02: 6600, 2025-03: 8100, 2025-04: 6600, 2025-05: 8100, 2025-06: 6600, 2025-07: 6600, 2025-08: 8100, 2025-09: 8100, 2025-10: 5400, 2025-11: 4400, 2025-12: 6600",0.01,1.00
"малярные скотчи",4400,"2024-12: 4400, 2025-01: 4400, 2025-02: 4400, 2025-03: 4400, 2025-04: 4400, 2025-05: 4400, 2025-06: 4400, 2025-07: 4400, 2025-08: 4400, 2025-09: 4400, 2025-10: 5400, 2025-11: 4400, 2025-12: 4400",0.03,1.00
"малярный скотч",4400,"2024-12: 4400, 2025-01: 4400, 2025-02: 4400, 2025-03: 4400, 2025-04: 4400, 2025-05: 4400, 2025-06: 4400, 2025-07: 4400, 2025-08: 4400, 2025-09: 4400, 2025-10: 5400, 2025-11: 4400, 2025-12: 4400",0.03,1.00
торнадор,3600,"2024-12: 2400, 2025-01: 3600, 2025-02: 2900, 2025-03: 4400, 2025-04: 3600, 2025-05: 3600, 2025-06: 3600, 2025-07: 3600, 2025-08: 2900, 2025-09: 2900, 2025-10: 2900, 2025-11: 2900, 2025-12: 3600",0.07,1.00
"нейтрализаторы запаха",2400,"2024-12: 2400, 2025-01: 2900, 2025-02: 1900, 2025-03: 1900, 2025-04: 1900, 2025-05: 2400, 2025-06: 1900, 2025-07: 2400, 2025-08: 1900, 2025-09: 2400, 2025-10: 2400, 2025-11: 2400, 2025-12: 2400",0.06,1.00
"полировка авто",2400,"2024-12: 1600, 2025-01: 1900, 2025-02: 1900, 2025-03: 2900, 2025-04: 2900, 2025-05: 2900, 2025-06: 2900, 2025-07: 2900, 2025-08: 2900, 2025-09: 2900, 2025-10: 1900, 2025-11: 1300, 2025-12: 2400",0.14,0.95
пятновыводитель,1900,"2024-12: 1600, 2025-01: 1900, 2025-02: 1900, 2025-03: 1900, 2025-04: 1900, 2025-05: 2400, 2025-06: 2400, 2025-07: 2400, 2025-08: 2400, 2025-09: 2400, 2025-10: 1600, 2025-11: 1600, 2025-12: 1900",0.08,0.99
"полировочная паста",1300,"2024-12: 880, 2025-01: 1300, 2025-02: 1000, 2025-03: 1600, 2025-04: 1300, 2025-05: 1600, 2025-06: 1300, 2025-07: 1300, 2025-08: 1300, 2025-09: 1300, 2025-10: 880, 2025-11: 590, 2025-12: 1300",0.04,1.00
"воск для авто",1300,"2024-12: 720, 2025-01: 1300, 2025-02: 880, 2025-03: 1600, 2025-04: 1600, 2025-05: 1600, 2025-06: 1600, 2025-07: 1300, 2025-08: 1300, 2025-09: 1300, 2025-10: 880, 2025-11: 720, 2025-12: 1300",0.03,1.00
"пена для мойки авто",1000,"2024-12: 720, 2025-01: 1600, 2025-02: 1000, 2025-03: 2400, 2025-04: 1600, 2025-05: 1300, 2025-06: 1000, 2025-07: 880, 2025-08: 720, 2025-09: 590, 2025-10: 390, 2025-11: 480, 2025-12: 1000",0.04,1.00
"пена для мойки автомобиля",1000,"2024-12: 720, 2025-01: 1600, 2025-02: 1000, 2025-03: 2400, 2025-04: 1600, 2025-05: 1300, 2025-06: 1000, 2025-07: 880, 2025-08: 720, 2025-09: 590, 2025-10: 390, 2025-11: 480, 2025-12: 1000",0.04,1.00
"микрофибра для авто",1000,"2024-12: 880, 2025-01: 1300, 2025-02: 1300, 2025-03: 1300, 2025-04: 1000, 2025-05: 1000, 2025-06: 880, 2025-07: 1000, 2025-08: 1300, 2025-09: 1000, 2025-10: 880, 2025-11: 880, 2025-12: 1000",0.07,1.00
"тряпка для авто",1000,"2024-12: 1000, 2025-01: 1300, 2025-02: 1300, 2025-03: 1600, 2025-04: 1300, 2025-05: 1000, 2025-06: 1000, 2025-07: 1000, 2025-08: 1000, 2025-09: 1000, 2025-10: 880, 2025-11: 880, 2025-12: 1000",0.04,1.00
"тряпки для автомобиля",1000,"2024-12: 1000, 2025-01: 1300, 2025-02: 1300, 2025-03: 1600, 2025-04: 1300, 2025-05: 1000, 2025-06: 1000, 2025-07: 1000, 2025-08: 1000, 2025-09: 1000, 2025-10: 880, 2025-11: 880, 2025-12: 1000",0.04,1.00
антидождь,1600,"2024-12: 2900, 2025-01: 1900, 2025-02: 1000, 2025-03: 1600, 2025-04: 1600, 2025-05: 1600, 2025-06: 880, 2025-07: 880, 2025-08: 880, 2025-09: 1600, 2025-10: 3600, 2025-11: 2900, 2025-12: 1600",0.02,1.00
"активная пена для мойки авто",880,"2024-12: 590, 2025-01: 1600, 2025-02: 1000, 2025-03: 1900, 2025-04: 1300, 2025-05: 1000, 2025-06: 880, 2025-07: 720, 2025-08: 590, 2025-09: 480, 2025-10: 260, 2025-11: 320, 2025-12: 880",0.04,1.00
автошампунь,720,"2024-12: 480, 2025-01: 880, 2025-02: 720, 2025-03: 1300, 2025-04: 1000, 2025-05: 1000, 2025-06: 1000, 2025-07: 880, 2025-08: 720, 2025-09: 590, 2025-10: 480, 2025-11: 390, 2025-12: 720",0.03,1.00
"чернитель резины",720,"2024-12: 480, 2025-01: 480, 2025-02: 590, 2025-03: 1300, 2025-04: 1300, 2025-05: 880, 2025-06: 880, 2025-07: 880, 2025-08: 880, 2025-09: 720, 2025-10: 480, 2025-11: 590, 2025-12: 720",0.04,1.00
"скотч малярний",1300,"2024-12: 1000, 2025-01: 1300, 2025-02: 1300, 2025-03: 1300, 2025-04: 1300, 2025-05: 1300, 2025-06: 1300, 2025-07: 1600, 2025-08: 1300, 2025-09: 1600, 2025-10: 1300, 2025-11: 1300, 2025-12: 1300",0.03,1.00
"омыватель стекла зимний",720,"2024-12: 2900, 2025-01: 1300, 2025-02: 1300, 2025-03: 260, 2025-04: 110, 2025-05: 70, 2025-06: 40, 2025-07: 40, 2025-08: 90, 2025-09: 390, 2025-10: 1000, 2025-11: 1600, 2025-12: 720",0.03,1.00
"полировка автомобиля",2400,"2024-12: 1600, 2025-01: 1900, 2025-02: 1900, 2025-03: 2900, 2025-04: 2900, 2025-05: 2900, 2025-06: 2900, 2025-07: 2900, 2025-08: 2900, 2025-09: 2900, 2025-10: 1900, 2025-11: 1300, 2025-12: 2400",0.14,0.95
"твёрдый воск для авто",880,"2024-12: 590, 2025-01: 720, 2025-02: 720, 2025-03: 1300, 2025-04: 1300, 2025-05: 1300, 2025-06: 1000, 2025-07: 880, 2025-08: 1000, 2025-09: 880, 2025-10: 590, 2025-11: 480, 2025-12: 880",0.10,1.00
"активная пена для мойки автомобиля",880,"2024-12: 590, 2025-01: 1600, 2025-02: 1000, 2025-03: 1900, 2025-04: 1300, 2025-05: 1000, 2025-06: 880, 2025-07: 720, 2025-08: 590, 2025-09: 480, 2025-10: 260, 2025-11: 320, 2025-12: 880",0.04,1.00
"активная пена",480,"2024-12: 260, 2025-01: 480, 2025-02: 390, 2025-03: 720, 2025-04: 590, 2025-05: 1000, 2025-06: 880, 2025-07: 390, 2025-08: 260, 2025-09: 210, 2025-10: 140, 2025-11: 170, 2025-12: 480",0.02,1.00
"омыватель стекла",590,"2024-12: 720, 2025-01: 480, 2025-02: 480, 2025-03: 590, 2025-04: 590, 2025-05: 590, 2025-06: 480, 2025-07: 480, 2025-08: 480, 2025-09: 720, 2025-10: 880, 2025-11: 720, 2025-12: 590",0.03,1.00
"круг для полировки авто",480,"2024-12: 390, 2025-01: 590, 2025-02: 320, 2025-03: 720, 2025-04: 590, 2025-05: 590, 2025-06: 590, 2025-07: 590, 2025-08: 590, 2025-09: 590, 2025-10: 320, 2025-11: 210, 2025-12: 480",0.05,1.00
"обезжириватель для авто",480,"2024-12: 320, 2025-01: 480, 2025-02: 320, 2025-03: 720, 2025-04: 590, 2025-05: 590, 2025-06: 590, 2025-07: 720, 2025-08: 590, 2025-09: 590, 2025-10: 320, 2025-11: 320, 2025-12: 480",0.08,1.00
"полироль для стекла",590,"2024-12: 480, 2025-01: 720, 2025-02: 480, 2025-03: 720, 2025-04: 590, 2025-05: 590, 2025-06: 480, 2025-07: 480, 2025-08: 480, 2025-09: 590, 2025-10: 480, 2025-11: 480, 2025-12: 590",0.02,1.00
"круги для полировки автомобиля",480,"2024-12: 390, 2025-01: 590, 2025-02: 320, 2025-03: 720, 2025-04: 590, 2025-05: 590, 2025-06: 590, 2025-07: 590, 2025-08: 590, 2025-09: 590, 2025-10: 320, 2025-11: 210, 2025-12: 480",0.05,1.00
"полировочная паста для авто",480,"2024-12: 320, 2025-01: 480, 2025-02: 320, 2025-03: 480, 2025-04: 480, 2025-05: 480, 2025-06: 590, 2025-07: 590, 2025-08: 590, 2025-09: 720, 2025-10: 390, 2025-11: 260, 2025-12: 480",0.02,1.00
"химия для чистки салона",480,"2024-12: 390, 2025-01: 590, 2025-02: 480, 2025-03: 720, 2025-04: 590, 2025-05: 480, 2025-06: 480, 2025-07: 480, 2025-08: 480, 2025-09: 390, 2025-10: 320, 2025-11: 260, 2025-12: 480",0.08,1.00
"шампунь для авто",480,"2024-12: 320, 2025-01: 480, 2025-02: 390, 2025-03: 720, 2025-04: 590, 2025-05: 480, 2025-06: 480, 2025-07: 480, 2025-08: 390, 2025-09: 480, 2025-10: 210, 2025-11: 210, 2025-12: 480",0.05,1.00
"жидкое стекло для автомобилей",480,"2024-12: 210, 2025-01: 390, 2025-02: 320, 2025-03: 480, 2025-04: 390, 2025-05: 390, 2025-06: 480, 2025-07: 1000, 2025-08: 880, 2025-09: 880, 2025-10: 390, 2025-11: 260, 2025-12: 480",0.04,1.00
нанокерамика,260,"2024-12: 480, 2025-01: 320, 2025-02: 320, 2025-03: 390, 2025-04: 320, 2025-05: 320, 2025-06: 260, 2025-07: 260, 2025-08: 170, 2025-09: 210, 2025-10: 170, 2025-11: 170, 2025-12: 260",0.06,1.00
"очиститель двигателя",390,"2024-12: 480, 2025-01: 590, 2025-02: 390, 2025-03: 480, 2025-04: 480, 2025-05: 480, 2025-06: 390, 2025-07: 320, 2025-08: 320, 2025-09: 260, 2025-10: 320, 2025-11: 210, 2025-12: 390",0.02,1.00
"набор для полировки авто",390,"2024-12: 320, 2025-01: 320, 2025-02: 320, 2025-03: 480, 2025-04: 390, 2025-05: 480, 2025-06: 320, 2025-07: 480, 2025-08: 390, 2025-09: 390, 2025-10: 210, 2025-11: 170, 2025-12: 390",0.03,1.00
"круги для полировки",390,"2024-12: 320, 2025-01: 480, 2025-02: 390, 2025-03: 590, 2025-04: 480, 2025-05: 480, 2025-06: 390, 2025-07: 390, 2025-08: 390, 2025-09: 390, 2025-10: 260, 2025-11: 210, 2025-12: 390",0.04,1.00
"полировка кузова",260,"2024-12: 260, 2025-01: 210, 2025-02: 170, 2025-03: 320, 2025-04: 320, 2025-05: 260, 2025-06: 260, 2025-07: 260, 2025-08: 320, 2025-09: 320, 2025-10: 170, 2025-11: 140, 2025-12: 260",0.15,1.00
"щетка для мойки авто",390,"2024-12: 480, 2025-01: 720, 2025-02: 720, 2025-03: 720, 2025-04: 480, 2025-05: 320, 2025-06: 320, 2025-07: 260, 2025-08: 260, 2025-09: 210, 2025-10: 260, 2025-11: 390, 2025-12: 390",0.06,1.00
"жидкий воск для авто",390,"2024-12: 210, 2025-01: 480, 2025-02: 390, 2025-03: 720, 2025-04: 590, 2025-05: 480, 2025-06: 480, 2025-07: 390, 2025-08: 390, 2025-09: 320, 2025-10: 260, 2025-11: 210, 2025-12: 390",0.06,1.00
"чернение резины",260,"2024-12: 140, 2025-01: 170, 2025-02: 140, 2025-03: 480, 2025-04: 390, 2025-05: 320, 2025-06: 260, 2025-07: 260, 2025-08: 260, 2025-09: 210, 2025-10: 140, 2025-11: 110, 2025-12: 260",0.02,1.00
"глина для авто",260,"2024-12: 140, 2025-01: 170, 2025-02: 170, 2025-03: 210, 2025-04: 320, 2025-05: 390, 2025-06: 320, 2025-07: 320, 2025-08: 390, 2025-09: 320, 2025-10: 170, 2025-11: 210, 2025-12: 260",0.02,1.00
"нанокерамика для авто",260,"2024-12: 390, 2025-01: 320, 2025-02: 260, 2025-03: 260, 2025-04: 320, 2025-05: 260, 2025-06: 260, 2025-07: 320, 2025-08: 260, 2025-09: 260, 2025-10: 170, 2025-11: 210, 2025-12: 260",0.05,1.00
"нанокерамика для автомобиля",260,"2024-12: 390, 2025-01: 320, 2025-02: 260, 2025-03: 260, 2025-04: 320, 2025-05: 260, 2025-06: 260, 2025-07: 320, 2025-08: 260, 2025-09: 260, 2025-10: 170, 2025-11: 210, 2025-12: 260",0.05,1.00
"наборы для авто",320,"2024-12: 720, 2025-01: 390, 2025-02: 390, 2025-03: 320, 2025-04: 260, 2025-05: 590, 2025-06: 320, 2025-07: 260, 2025-08: 210, 2025-09: 260, 2025-10: 210, 2025-11: 260, 2025-12: 320",0.07,1.00
"полироль для салона автомобиля",320,"2024-12: 390, 2025-01: 260, 2025-02: 260, 2025-03: 390, 2025-04: 320, 2025-05: 390, 2025-06: 390, 2025-07: 320, 2025-08: 320, 2025-09: 320, 2025-10: 210, 2025-11: 170, 2025-12: 320",0.02,1.00
"полировальные круги",260,"2024-12: 210, 2025-01: 260, 2025-02: 260, 2025-03: 320, 2025-04: 320, 2025-05: 260, 2025-06: 260, 2025-07: 260, 2025-08: 260, 2025-09: 260, 2025-10: 260, 2025-11: 140, 2025-12: 260",0.04,1.00
"автошампунь для ручной мойки",260,"2024-12: 170, 2025-01: 260, 2025-02: 320, 2025-03: 390, 2025-04: 320, 2025-05: 260, 2025-06: 320, 2025-07: 260, 2025-08: 260, 2025-09: 170, 2025-10: 140, 2025-11: 110, 2025-12: 260",0.02,1.00
"щетка для мытья машины",260,"2024-12: 480, 2025-01: 720, 2025-02: 480, 2025-03: 480, 2025-04: 210, 2025-05: 260, 2025-06: 210, 2025-07: 140, 2025-08: 110, 2025-09: 90, 2025-10: 90, 2025-11: 170, 2025-12: 260",0.04,1.00
"средство для чистки салона авто",260,"2024-12: 260, 2025-01: 260, 2025-02: 260, 2025-03: 320, 2025-04: 320, 2025-05: 320, 2025-06: 320, 2025-07: 320, 2025-08: 260, 2025-09: 260, 2025-10: 170, 2025-11: 110, 2025-12: 260",0.05,1.00
"средство для чистки салона автомобиля",260,"2024-12: 260, 2025-01: 260, 2025-02: 260, 2025-03: 320, 2025-04: 320, 2025-05: 320, 2025-06: 320, 2025-07: 320, 2025-08: 260, 2025-09: 260, 2025-10: 170, 2025-11: 110, 2025-12: 260",0.05,1.00
"твёрдый воск",320,"2024-12: 210, 2025-01: 320, 2025-02: 320, 2025-03: 480, 2025-04: 480, 2025-05: 480, 2025-06: 390, 2025-07: 320, 2025-08: 390, 2025-09: 320, 2025-10: 210, 2025-11: 210, 2025-12: 320",0.12,1.00
"активная пена для бесконтактной мойки",210,"2024-12: 170, 2025-01: 390, 2025-02: 320, 2025-03: 590, 2025-04: 260, 2025-05: 210, 2025-06: 170, 2025-07: 140, 2025-08: 140, 2025-09: 90, 2025-10: 70, 2025-11: 90, 2025-12: 210",0.06,0.92
"антидождь для автомобиля",260,"2024-12: 480, 2025-01: 170, 2025-02: 140, 2025-03: 170, 2025-04: 210, 2025-05: 210, 2025-06: 110, 2025-07: 90, 2025-08: 140, 2025-09: 260, 2025-10: 720, 2025-11: 720, 2025-12: 260",0.02,1.00
антимошка,260,"2024-12: 40, 2025-01: 50, 2025-02: 40, 2025-03: 170, 2025-04: 390, 2025-05: 590, 2025-06: 720, 2025-07: 590, 2025-08: 320, 2025-09: 320, 2025-10: 140, 2025-11: 70, 2025-12: 260",0.00,1.00
"антимошка для авто",210,"2024-12: 10, 2025-01: 20, 2025-02: 20, 2025-03: 90, 2025-04: 390, 2025-05: 480, 2025-06: 390, 2025-07: 390, 2025-08: 320, 2025-09: 390, 2025-10: 70, 2025-11: 20, 2025-12: 210",0.05,1.00
"мочалка для автомобиля",260,"2024-12: 210, 2025-01: 260, 2025-02: 260, 2025-03: 320, 2025-04: 260, 2025-05: 260, 2025-06: 320, 2025-07: 260, 2025-08: 260, 2025-09: 210, 2025-10: 170, 2025-11: 170, 2025-12: 260",0.02,1.00
"мочалка для авто",260,"2024-12: 210, 2025-01: 260, 2025-02: 260, 2025-03: 320, 2025-04: 260, 2025-05: 260, 2025-06: 320, 2025-07: 260, 2025-08: 260, 2025-09: 210, 2025-10: 170, 2025-11: 170, 2025-12: 260",0.02,1.00
"химия для мойки двигателя",260,"2024-12: 210, 2025-01: 390, 2025-02: 320, 2025-03: 480, 2025-04: 390, 2025-05: 390, 2025-06: 260, 2025-07: 260, 2025-08: 210, 2025-09: 170, 2025-10: 170, 2025-11: 170, 2025-12: 260",0.06,1.00
"зимний омыватель",170,"2024-12: 590, 2025-01: 170, 2025-02: 260, 2025-03: 20, 2025-04: 20, 2025-05: 20, 2025-06: 10, 2025-07: 10, 2025-08: 20, 2025-09: 110, 2025-10: 390, 2025-11: 480, 2025-12: 170",0.03,1.00
"полироль для пластика автомобиля",170,"2024-12: 170, 2025-01: 140, 2025-02: 170, 2025-03: 260, 2025-04: 210, 2025-05: 210, 2025-06: 170, 2025-07: 140, 2025-08: 170, 2025-09: 210, 2025-10: 90, 2025-11: 110, 2025-12: 170",0.02,0.97
"полироль для пластику авто",170,"2024-12: 170, 2025-01: 140, 2025-02: 170, 2025-03: 260, 2025-04: 210, 2025-05: 210, 2025-06: 170, 2025-07: 140, 2025-08: 170, 2025-09: 210, 2025-10: 90, 2025-11: 110, 2025-12: 170",0.02,0.97
"паста для полировки",260,"2024-12: 210, 2025-01: 320, 2025-02: 320, 2025-03: 320, 2025-04: 260, 2025-05: 320, 2025-06: 260, 2025-07: 260, 2025-08: 320, 2025-09: 260, 2025-10: 260, 2025-11: 210, 2025-12: 260",0.05,1.00
"химия для салона авто",210,"2024-12: 170, 2025-01: 260, 2025-02: 140, 2025-03: 320, 2025-04: 210, 2025-05: 260, 2025-06: 260, 2025-07: 260, 2025-08: 260, 2025-09: 210, 2025-10: 210, 2025-11: 170, 2025-12: 210",0.10,0.99
"химчистка салона авто",1000,"2024-12: 880, 2025-01: 880, 2025-02: 880, 2025-03: 1300, 2025-04: 1300, 2025-05: 1300, 2025-06: 1300, 2025-07: 1300, 2025-08: 1600, 2025-09: 1000, 2025-10: 1000, 2025-11: 720, 2025-12: 1000",0.12,0.98
"жидкий воск",210,"2024-12: 210, 2025-01: 260, 2025-02: 210, 2025-03: 320, 2025-04: 320, 2025-05: 260, 2025-06: 210, 2025-07: 260, 2025-08: 210, 2025-09: 210, 2025-10: 170, 2025-11: 140, 2025-12: 210",0.04,1.00
"аккумуляторная полировальная машина",320,"2024-12: 260, 2025-01: 260, 2025-02: 320, 2025-03: 480, 2025-04: 320, 2025-05: 320, 2025-06: 260, 2025-07: 320, 2025-08: 320, 2025-09: 260, 2025-10: 320, 2025-11: 260, 2025-12: 320",0.02,1.00
"полировальная машина на аккумуляторе",170,"2024-12: 140, 2025-01: 170, 2025-02: 210, 2025-03: 260, 2025-04: 260, 2025-05: 170, 2025-06: 170, 2025-07: 170, 2025-08: 210, 2025-09: 210, 2025-10: 140, 2025-11: 140, 2025-12: 170",0.02,1.00
"полировальная машинка на аккумуляторе",170,"2024-12: 140, 2025-01: 170, 2025-02: 210, 2025-03: 260, 2025-04: 260, 2025-05: 170, 2025-06: 170, 2025-07: 170, 2025-08: 210, 2025-09: 210, 2025-10: 140, 2025-11: 140, 2025-12: 170",0.02,1.00
"торнадор для химчистки авто",110,"2024-12: 140, 2025-01: 90, 2025-02: 70, 2025-03: 210, 2025-04: 170, 2025-05: 90, 2025-06: 90, 2025-07: 140, 2025-08: 110, 2025-09: 140, 2025-10: 90, 2025-11: 50, 2025-12: 110",0.13,0.98
"тряпка для авто без разводов",170,"2024-12: 210, 2025-01: 260, 2025-02: 320, 2025-03: 260, 2025-04: 170, 2025-05: 140, 2025-06: 170, 2025-07: 210, 2025-08: 210, 2025-09: 140, 2025-10: 140, 2025-11: 90, 2025-12: 170",0.02,0.89
"химия для мойки авто",390,"2024-12: 260, 2025-01: 720, 2025-02: 480, 2025-03: 880, 2025-04: 720, 2025-05: 480, 2025-06: 480, 2025-07: 320, 2025-08: 260, 2025-09: 260, 2025-10: 170, 2025-11: 170, 2025-12: 390",0.10,1.00
"наборы для детейлинга",140,"2024-12: 210, 2025-01: 170, 2025-02: 210, 2025-03: 210, 2025-04: 170, 2025-05: 170, 2025-06: 140, 2025-07: 110, 2025-08: 140, 2025-09: 110, 2025-10: 70, 2025-11: 90, 2025-12: 140",0.09,1.00
"поглотитель запаха",210,"2024-12: 260, 2025-01: 320, 2025-02: 210, 2025-03: 210, 2025-04: 170, 2025-05: 170, 2025-06: 170, 2025-07: 210, 2025-08: 210, 2025-09: 210, 2025-10: 210, 2025-11: 210, 2025-12: 210",0.07,1.00
"средства для мойки двигателя",210,"2024-12: 170, 2025-01: 170, 2025-02: 210, 2025-03: 260, 2025-04: 320, 2025-05: 260, 2025-06: 170, 2025-07: 210, 2025-08: 170, 2025-09: 110, 2025-10: 140, 2025-11: 110, 2025-12: 210",0.03,1.00
омыватель,210,"2024-12: 480, 2025-01: 210, 2025-02: 320, 2025-03: 210, 2025-04: 140, 2025-05: 140, 2025-06: 110, 2025-07: 110, 2025-08: 140, 2025-09: 170, 2025-10: 260, 2025-11: 320, 2025-12: 210",0.03,1.00
"полироль для торпеды",210,"2024-12: 170, 2025-01: 140, 2025-02: 170, 2025-03: 260, 2025-04: 170, 2025-05: 320, 2025-06: 210, 2025-07: 210, 2025-08: 260, 2025-09: 260, 2025-10: 140, 2025-11: 140, 2025-12: 210",0.02,1.00
"полировальная машина для полировки авто",170,"2024-12: 110, 2025-01: 320, 2025-02: 210, 2025-03: 320, 2025-04: 260, 2025-05: 210, 2025-06: 140, 2025-07: 170, 2025-08: 110, 2025-09: 110, 2025-10: 110, 2025-11: 70, 2025-12: 170",0.01,1.00
"полировочная машинка для полировки авто",170,"2024-12: 110, 2025-01: 320, 2025-02: 210, 2025-03: 320, 2025-04: 260, 2025-05: 210, 2025-06: 140, 2025-07: 170, 2025-08: 110, 2025-09: 110, 2025-10: 110, 2025-11: 70, 2025-12: 170",0.01,1.00
"полировочная паста для авто от царапин",210,"2024-12: 140, 2025-01: 170, 2025-02: 110, 2025-03: 260, 2025-04: 320, 2025-05: 260, 2025-06: 170, 2025-07: 210, 2025-08: 260, 2025-09: 260, 2025-10: 140, 2025-11: 20, 2025-12: 210",0.03,1.00
"пенообразователи для мойки",320,"2024-12: 260, 2025-01: 390, 2025-02: 390, 2025-03: 720, 2025-04: 590, 2025-05: 390, 2025-06: 320, 2025-07: 320, 2025-08: 210, 2025-09: 210, 2025-10: 110, 2025-11: 170, 2025-12: 320",0.03,1.00
"помповый распылитель для мойки авто",90,"2024-12: 110, 2025-01: 260, 2025-02: 170, 2025-03: 170, 2025-04: 170, 2025-05: 50, 2025-06: 70, 2025-07: 40, 2025-08: 40, 2025-09: 20, 2025-10: 10, 2025-11: 20, 2025-12: 90",0.02,1.00
"химия для чистки салона автомобиля",140,"2024-12: 110, 2025-01: 140, 2025-02: 110, 2025-03: 210, 2025-04: 110, 2025-05: 110, 2025-06: 140, 2025-07: 170, 2025-08: 140, 2025-09: 140, 2025-10: 110, 2025-11: 90, 2025-12: 140",0.06,1.00
"химия для салона автомобиля",210,"2024-12: 170, 2025-01: 260, 2025-02: 140, 2025-03: 320, 2025-04: 210, 2025-05: 260, 2025-06: 260, 2025-07: 260, 2025-08: 260, 2025-09: 210, 2025-10: 210, 2025-11: 170, 2025-12: 210",0.10,0.99
"средство для химчистки салона авто",170,"2024-12: 210, 2025-01: 170, 2025-02: 140, 2025-03: 260, 2025-04: 210, 2025-05: 210, 2025-06: 210, 2025-07: 210, 2025-08: 170, 2025-09: 170, 2025-10: 110, 2025-11: 90, 2025-12: 170",0.09,1.00
"средство для химчистки салона автомобиля",170,"2024-12: 210, 2025-01: 170, 2025-02: 140, 2025-03: 260, 2025-04: 210, 2025-05: 210, 2025-06: 210, 2025-07: 210, 2025-08: 170, 2025-09: 170, 2025-10: 110, 2025-11: 90, 2025-12: 170",0.09,1.00
"тряпки для машины",210,"2024-12: 210, 2025-01: 210, 2025-02: 260, 2025-03: 260, 2025-04: 260, 2025-05: 210, 2025-06: 210, 2025-07: 170, 2025-08: 170, 2025-09: 210, 2025-10: 140, 2025-11: 140, 2025-12: 210",0.07,1.00
"торнадор химчистка",110,"2024-12: 170, 2025-01: 140, 2025-02: 110, 2025-03: 90, 2025-04: 170, 2025-05: 210, 2025-06: 170, 2025-07: 90, 2025-08: 20, 2025-09: 30, 2025-10: 40, 2025-11: 40, 2025-12: 110",0.08,1.00
"щетка для детейлинга",140,"2024-12: 90, 2025-01: 140, 2025-02: 170, 2025-03: 210, 2025-04: 170, 2025-05: 210, 2025-06: 170, 2025-07: 140, 2025-08: 140, 2025-09: 110, 2025-10: 90, 2025-11: 90, 2025-12: 140",0.09,1.00
"набор для мойки авто",170,"2024-12: 390, 2025-01: 210, 2025-02: 170, 2025-03: 210, 2025-04: 140, 2025-05: 140, 2025-06: 110, 2025-07: 140, 2025-08: 90, 2025-09: 110, 2025-10: 110, 2025-11: 110, 2025-12: 170",0.10,1.00
"очиститель двигателя от масла и грязи",140,"2024-12: 140, 2025-01: 210, 2025-02: 210, 2025-03: 260, 2025-04: 170, 2025-05: 210, 2025-06: 140, 2025-07: 140, 2025-08: 140, 2025-09: 110, 2025-10: 50, 2025-11: 30, 2025-12: 140",0.02,1.00
"тряпочки для машины",210,"2024-12: 210, 2025-01: 210, 2025-02: 260, 2025-03: 260, 2025-04: 260, 2025-05: 210, 2025-06: 210, 2025-07: 170, 2025-08: 170, 2025-09: 210, 2025-10: 140, 2025-11: 140, 2025-12: 210",0.07,1.00
"уход за кожей авто",140,"2024-12: 140, 2025-01: 170, 2025-02: 170, 2025-03: 210, 2025-04: 170, 2025-05: 170, 2025-06: 170, 2025-07: 170, 2025-08: 140, 2025-09: 110, 2025-10: 110, 2025-11: 70, 2025-12: 140",0.05,1.00
"уход за кожей автомобиля",140,"2024-12: 140, 2025-01: 170, 2025-02: 170, 2025-03: 210, 2025-04: 170, 2025-05: 170, 2025-06: 170, 2025-07: 170, 2025-08: 140, 2025-09: 110, 2025-10: 110, 2025-11: 70, 2025-12: 140",0.05,1.00
"воск для машины",260,"2024-12: 170, 2025-01: 260, 2025-02: 210, 2025-03: 390, 2025-04: 390, 2025-05: 390, 2025-06: 320, 2025-07: 260, 2025-08: 320, 2025-09: 210, 2025-10: 110, 2025-11: 110, 2025-12: 260",0.03,1.00
"губка для полировки автомобиля",90,"2024-12: 90, 2025-01: 90, 2025-02: 70, 2025-03: 90, 2025-04: 90, 2025-05: 110, 2025-06: 90, 2025-07: 140, 2025-08: 140, 2025-09: 90, 2025-10: 50, 2025-11: 50, 2025-12: 90",0.05,1.00
"губка для полировки авто",90,"2024-12: 90, 2025-01: 90, 2025-02: 70, 2025-03: 90, 2025-04: 90, 2025-05: 110, 2025-06: 90, 2025-07: 140, 2025-08: 140, 2025-09: 90, 2025-10: 50, 2025-11: 50, 2025-12: 90",0.05,1.00
"полироль для колес",10,"2024-12: 10, 2025-01: 10, 2025-02: 10, 2025-03: 20, 2025-04: 10, 2025-05: 20, 2025-06: 10, 2025-07: 10, 2025-08: 20, 2025-09: 20, 2025-10: 10, 2025-11: 10, 2025-12: 10",0.00,1.00
"керамическое покрытие авто",170,"2024-12: 110, 2025-01: 170, 2025-02: 170, 2025-03: 260, 2025-04: 170, 2025-05: 170, 2025-06: 170, 2025-07: 170, 2025-08: 140, 2025-09: 140, 2025-10: 110, 2025-11: 90, 2025-12: 170",0.02,1.00
"наборы для ухода за автомобилем",110,"2024-12: 320, 2025-01: 140, 2025-02: 210, 2025-03: 170, 2025-04: 90, 2025-05: 90, 2025-06: 90, 2025-07: 90, 2025-08: 70, 2025-09: 90, 2025-10: 70, 2025-11: 50, 2025-12: 110",0.10,1.00
"набор для ухода за авто",110,"2024-12: 320, 2025-01: 140, 2025-02: 210, 2025-03: 170, 2025-04: 90, 2025-05: 90, 2025-06: 90, 2025-07: 90, 2025-08: 70, 2025-09: 90, 2025-10: 70, 2025-11: 50, 2025-12: 110",0.10,1.00
"набор для химчистки автомобиля",110,"2024-12: 90, 2025-01: 140, 2025-02: 110, 2025-03: 140, 2025-04: 90, 2025-05: 90, 2025-06: 90, 2025-07: 110, 2025-08: 140, 2025-09: 110, 2025-10: 110, 2025-11: 90, 2025-12: 110",0.09,1.00
"нейтрализатор запаха в автомобиле",210,"2024-12: 210, 2025-01: 170, 2025-02: 170, 2025-03: 210, 2025-04: 170, 2025-05: 210, 2025-06: 210, 2025-07: 260, 2025-08: 260, 2025-09: 210, 2025-10: 210, 2025-11: 170, 2025-12: 210",0.02,1.00
"профессиональный нейтрализатор запаха",90,"2024-12: 140, 2025-01: 140, 2025-02: 110, 2025-03: 110, 2025-04: 110, 2025-05: 90, 2025-06: 70, 2025-07: 110, 2025-08: 90, 2025-09: 70, 2025-10: 90, 2025-11: 50, 2025-12: 90",0.08,1.00
"очиститель стекла авто",210,"2024-12: 170, 2025-01: 260, 2025-02: 170, 2025-03: 320, 2025-04: 260, 2025-05: 170, 2025-06: 110, 2025-07: 110, 2025-08: 140, 2025-09: 260, 2025-10: 210, 2025-11: 170, 2025-12: 210",0.07,1.00
"полироль для панели авто",90,"2024-12: 70, 2025-01: 110, 2025-02: 70, 2025-03: 140, 2025-04: 110, 2025-05: 110, 2025-06: 90, 2025-07: 90, 2025-08: 90, 2025-09: 90, 2025-10: 70, 2025-11: 70, 2025-12: 90",0.02,1.00
"полироль для торпеды автомобиля",110,"2024-12: 90, 2025-01: 110, 2025-02: 90, 2025-03: 170, 2025-04: 170, 2025-05: 110, 2025-06: 110, 2025-07: 110, 2025-08: 110, 2025-09: 140, 2025-10: 70, 2025-11: 30, 2025-12: 110",0.02,1.00
"полировочная паста для автомобиля",480,"2024-12: 320, 2025-01: 480, 2025-02: 320, 2025-03: 480, 2025-04: 480, 2025-05: 480, 2025-06: 590, 2025-07: 590, 2025-08: 590, 2025-09: 720, 2025-10: 390, 2025-11: 260, 2025-12: 480",0.02,1.00
"тряпки для сушки авто",110,"2024-12: 170, 2025-01: 170, 2025-02: 110, 2025-03: 210, 2025-04: 110, 2025-05: 140, 2025-06: 90, 2025-07: 90, 2025-08: 110, 2025-09: 140, 2025-10: 70, 2025-11: 70, 2025-12: 110",0.02,1.00
"тряпки для сушки автомобиля",110,"2024-12: 170, 2025-01: 170, 2025-02: 110, 2025-03: 210, 2025-04: 110, 2025-05: 140, 2025-06: 90, 2025-07: 90, 2025-08: 110, 2025-09: 140, 2025-10: 70, 2025-11: 70, 2025-12: 110",0.02,1.00
"микрофибра для сушки авто",140,"2024-12: 110, 2025-01: 110, 2025-02: 140, 2025-03: 210, 2025-04: 110, 2025-05: 110, 2025-06: 110, 2025-07: 70, 2025-08: 210, 2025-09: 210, 2025-10: 110, 2025-11: 70, 2025-12: 140",0.10,1.00
"тряпка для сушки авто",110,"2024-12: 170, 2025-01: 170, 2025-02: 110, 2025-03: 210, 2025-04: 110, 2025-05: 140, 2025-06: 90, 2025-07: 90, 2025-08: 110, 2025-09: 140, 2025-10: 70, 2025-11: 70, 2025-12: 110",0.02,1.00
"уход за салоном авто",40,"2024-12: 30, 2025-01: 30, 2025-02: 40, 2025-03: 70, 2025-04: 40, 2025-05: 50, 2025-06: 40, 2025-07: 40, 2025-08: 40, 2025-09: 30, 2025-10: 10, 2025-11: 20, 2025-12: 40",0.13,1.00
"полироль для кожи",30,"2024-12: 20, 2025-01: 30, 2025-02: 40, 2025-03: 40, 2025-04: 30, 2025-05: 30, 2025-06: 30, 2025-07: 30, 2025-08: 30, 2025-09: 20, 2025-10: 30, 2025-11: 20, 2025-12: 30",0.00,0.99
tornador,140,"2024-12: 140, 2025-01: 110, 2025-02: 140, 2025-03: 170, 2025-04: 170, 2025-05: 140, 2025-06: 140, 2025-07: 140, 2025-08: 140, 2025-09: 90, 2025-10: 110, 2025-11: 140, 2025-12: 140",0.08,0.99
"синяя глина для авто",110,"2024-12: 50, 2025-01: 50, 2025-02: 50, 2025-03: 140, 2025-04: 170, 2025-05: 170, 2025-06: 140, 2025-07: 110, 2025-08: 170, 2025-09: 140, 2025-10: 90, 2025-11: 70, 2025-12: 110",0.02,1.00
"полимер для авто",70,"2024-12: 320, 2025-01: 50, 2025-02: 70, 2025-03: 140, 2025-04: 70, 2025-05: 70, 2025-06: 70, 2025-07: 40, 2025-08: 30, 2025-09: 30, 2025-10: 30, 2025-11: 20, 2025-12: 70",0.09,0.96
"набор для химчистки салона",70,"2024-12: 90, 2025-01: 110, 2025-02: 90, 2025-03: 110, 2025-04: 90, 2025-05: 70, 2025-06: 70, 2025-07: 40, 2025-08: 50, 2025-09: 40, 2025-10: 20, 2025-11: 20, 2025-12: 70",0.11,1.00
"набор для чистки салона авто",70,"2024-12: 90, 2025-01: 110, 2025-02: 70, 2025-03: 70, 2025-04: 70, 2025-05: 70, 2025-06: 50, 2025-07: 50, 2025-08: 40, 2025-09: 30, 2025-10: 30, 2025-11: 40, 2025-12: 70",0.08,1.00
"набор для химчистки авто",110,"2024-12: 90, 2025-01: 140, 2025-02: 110, 2025-03: 140, 2025-04: 90, 2025-05: 90, 2025-06: 90, 2025-07: 110, 2025-08: 140, 2025-09: 110, 2025-10: 110, 2025-11: 90, 2025-12: 110",0.09,1.00
"нейтрализатор запаха в авто",210,"2024-12: 210, 2025-01: 170, 2025-02: 170, 2025-03: 210, 2025-04: 170, 2025-05: 210, 2025-06: 210, 2025-07: 260, 2025-08: 260, 2025-09: 210, 2025-10: 210, 2025-11: 170, 2025-12: 210",0.02,1.00
"средство для мытья двигателя",90,"2024-12: 70, 2025-01: 140, 2025-02: 90, 2025-03: 140, 2025-04: 110, 2025-05: 110, 2025-06: 110, 2025-07: 70, 2025-08: 70, 2025-09: 70, 2025-10: 70, 2025-11: 40, 2025-12: 90",0.02,1.00
"омыватель стекла летний",110,"2024-12: 50, 2025-01: 20, 2025-02: 40, 2025-03: 170, 2025-04: 210, 2025-05: 260, 2025-06: 170, 2025-07: 170, 2025-08: 110, 2025-09: 210, 2025-10: 40, 2025-11: 20, 2025-12: 110",0.02,1.00
"подарочные наборы для мужчин в машину",110,"2024-12: 390, 2025-01: 140, 2025-02: 170, 2025-03: 110, 2025-04: 50, 2025-05: 90, 2025-06: 50, 2025-07: 90, 2025-08: 70, 2025-09: 90, 2025-10: 70, 2025-11: 90, 2025-12: 110",0.08,1.00
"щетка для мытья авто",70,"2024-12: 170, 2025-01: 110, 2025-02: 90, 2025-03: 140, 2025-04: 70, 2025-05: 70, 2025-06: 70, 2025-07: 40, 2025-08: 20, 2025-09: 70, 2025-10: 30, 2025-11: 70, 2025-12: 70",0.02,1.00
"лучшее средство по уходу за кожей авто",90,"2024-12: 70, 2025-01: 90, 2025-02: 90, 2025-03: 110, 2025-04: 110, 2025-05: 110, 2025-06: 70, 2025-07: 110, 2025-08: 90, 2025-09: 90, 2025-10: 70, 2025-11: 40, 2025-12: 90",0.07,1.00
"шампунь для мойки авто",90,"2024-12: 90, 2025-01: 140, 2025-02: 90, 2025-03: 140, 2025-04: 90, 2025-05: 90, 2025-06: 70, 2025-07: 70, 2025-08: 70, 2025-09: 70, 2025-10: 10, 2025-11: 40, 2025-12: 90",0.06,1.00
"губка для авто",110,"2024-12: 70, 2025-01: 140, 2025-02: 90, 2025-03: 110, 2025-04: 140, 2025-05: 110, 2025-06: 110, 2025-07: 110, 2025-08: 90, 2025-09: 110, 2025-10: 90, 2025-11: 110, 2025-12: 110",0.02,1.00
"губки для автомобиля",110,"2024-12: 70, 2025-01: 140, 2025-02: 90, 2025-03: 110, 2025-04: 140, 2025-05: 110, 2025-06: 110, 2025-07: 110, 2025-08: 90, 2025-09: 110, 2025-10: 90, 2025-11: 110, 2025-12: 110",0.02,1.00
"холодный воск для автомобиля",90,"2024-12: 70, 2025-01: 110, 2025-02: 90, 2025-03: 140, 2025-04: 90, 2025-05: 90, 2025-06: 90, 2025-07: 70, 2025-08: 70, 2025-09: 90, 2025-10: 30, 2025-11: 30, 2025-12: 90",0.03,1.00
"очиститель двигателя от масляных загрязнений",90,"2024-12: 140, 2025-01: 140, 2025-02: 70, 2025-03: 140, 2025-04: 90, 2025-05: 90, 2025-06: 90, 2025-07: 70, 2025-08: 50, 2025-09: 50, 2025-10: 40, 2025-11: 50, 2025-12: 90",0.05,1.00
"шампунь для ручной мойки авто",70,"2024-12: 50, 2025-01: 90, 2025-02: 50, 2025-03: 170, 2025-04: 110, 2025-05: 90, 2025-06: 90, 2025-07: 40, 2025-08: 50, 2025-09: 110, 2025-10: 30, 2025-11: 40, 2025-12: 70",0.05,1.00
"мягкие щетки для мытья машины",70,"2024-12: 140, 2025-01: 140, 2025-02: 170, 2025-03: 110, 2025-04: 50, 2025-05: 50, 2025-06: 20, 2025-07: 30, 2025-08: 40, 2025-09: 20, 2025-10: 20, 2025-11: 40, 2025-12: 70",0.02,1.00
"средство для кожи авто",90,"2024-12: 50, 2025-01: 90, 2025-02: 90, 2025-03: 110, 2025-04: 110, 2025-05: 110, 2025-06: 90, 2025-07: 110, 2025-08: 70, 2025-09: 110, 2025-10: 70, 2025-11: 50, 2025-12: 90",0.08,1.00
"влаговпитывающая тряпка для авто",90,"2024-12: 110, 2025-01: 140, 2025-02: 110, 2025-03: 90, 2025-04: 110, 2025-05: 90, 2025-06: 70, 2025-07: 70, 2025-08: 110, 2025-09: 110, 2025-10: 50, 2025-11: 50, 2025-12: 90",0.05,1.00
"средства для чернения шин",50,"2024-12: 30, 2025-01: 40, 2025-02: 30, 2025-03: 70, 2025-04: 90, 2025-05: 50, 2025-06: 50, 2025-07: 70, 2025-08: 50, 2025-09: 90, 2025-10: 50, 2025-11: 50, 2025-12: 50",0.02,0.98
"полироль для шин",50,"2024-12: 50, 2025-01: 40, 2025-02: 40, 2025-03: 70, 2025-04: 90, 2025-05: 40, 2025-06: 70, 2025-07: 40, 2025-08: 50, 2025-09: 50, 2025-10: 30, 2025-11: 20, 2025-12: 50",0.02,1.00
автоскраб,70,"2024-12: 50, 2025-01: 50, 2025-02: 50, 2025-03: 90, 2025-04: 70, 2025-05: 110, 2025-06: 70, 2025-07: 70, 2025-08: 50, 2025-09: 50, 2025-10: 30, 2025-11: 40, 2025-12: 70",0.05,1.00
"перчатка для мойки авто",70,"2024-12: 90, 2025-01: 90, 2025-02: 90, 2025-03: 70, 2025-04: 70, 2025-05: 50, 2025-06: 50, 2025-07: 70, 2025-08: 40, 2025-09: 40, 2025-10: 40, 2025-11: 40, 2025-12: 70",0.02,1.00
"холодный воск для авто",90,"2024-12: 70, 2025-01: 110, 2025-02: 90, 2025-03: 140, 2025-04: 90, 2025-05: 90, 2025-06: 90, 2025-07: 70, 2025-08: 70, 2025-09: 90, 2025-10: 30, 2025-11: 30, 2025-12: 90",0.03,1.00
"горячий воск для авто",50,"2024-12: 50, 2025-01: 90, 2025-02: 70, 2025-03: 70, 2025-04: 70, 2025-05: 70, 2025-06: 50, 2025-07: 30, 2025-08: 70, 2025-09: 50, 2025-10: 30, 2025-11: 30, 2025-12: 50",0.06,1.00
"тряпка микрофибра для авто",70,"2024-12: 110, 2025-01: 90, 2025-02: 50, 2025-03: 90, 2025-04: 50, 2025-05: 70, 2025-06: 70, 2025-07: 70, 2025-08: 90, 2025-09: 70, 2025-10: 70, 2025-11: 50, 2025-12: 70",0.07,1.00
"оборудование для химчистки авто",50,"2024-12: 50, 2025-01: 50, 2025-02: 70, 2025-03: 70, 2025-04: 70, 2025-05: 70, 2025-06: 30, 2025-07: 30, 2025-08: 40, 2025-09: 30, 2025-10: 30, 2025-11: 30, 2025-12: 50",0.09,1.00
"подарочные наборы в машину",50,"2024-12: 210, 2025-01: 70, 2025-02: 70, 2025-03: 30, 2025-04: 30, 2025-05: 20, 2025-06: 40, 2025-07: 40, 2025-08: 30, 2025-09: 40, 2025-10: 30, 2025-11: 30, 2025-12: 50",0.09,1.00
"подарочные наборы для автомобилиста",90,"2024-12: 260, 2025-01: 110, 2025-02: 110, 2025-03: 90, 2025-04: 90, 2025-05: 110, 2025-06: 70, 2025-07: 70, 2025-08: 70, 2025-09: 90, 2025-10: 50, 2025-11: 20, 2025-12: 90",0.07,0.88
"машина для полировки авто",70,"2024-12: 50, 2025-01: 70, 2025-02: 110, 2025-03: 90, 2025-04: 70, 2025-05: 70, 2025-06: 70, 2025-07: 50, 2025-08: 70, 2025-09: 70, 2025-10: 70, 2025-11: 20, 2025-12: 70",0.02,1.00
"щетка для мытья автомобиля",70,"2024-12: 70, 2025-01: 140, 2025-02: 110, 2025-03: 140, 2025-04: 70, 2025-05: 50, 2025-06: 40, 2025-07: 30, 2025-08: 20, 2025-09: 20, 2025-10: 40, 2025-11: 50, 2025-12: 70",0.02,1.00
"щетки для детейлинга",140,"2024-12: 90, 2025-01: 140, 2025-02: 170, 2025-03: 210, 2025-04: 170, 2025-05: 210, 2025-06: 170, 2025-07: 140, 2025-08: 140, 2025-09: 110, 2025-10: 90, 2025-11: 90, 2025-12: 140",0.09,1.00
"средства для кожи автомобиля",90,"2024-12: 50, 2025-01: 90, 2025-02: 90, 2025-03: 110, 2025-04: 110, 2025-05: 110, 2025-06: 90, 2025-07: 110, 2025-08: 70, 2025-09: 110, 2025-10: 70, 2025-11: 50, 2025-12: 90",0.08,1.00
"средства для салона автомобиля",30,"2024-12: 10, 2025-01: 10, 2025-02: 30, 2025-03: 40, 2025-04: 30, 2025-05: 30, 2025-06: 20, 2025-07: 20, 2025-08: 20, 2025-09: 90, 2025-10: 10, 2025-11: 10, 2025-12: 30",0.07,1.00
"ведро для мойки автомобиля",70,"2024-12: 50, 2025-01: 90, 2025-02: 70, 2025-03: 110, 2025-04: 90, 2025-05: 70, 2025-06: 50, 2025-07: 50, 2025-08: 50, 2025-09: 70, 2025-10: 40, 2025-11: 50, 2025-12: 70",0.04,0.98
"ведра для мойки авто",70,"2024-12: 50, 2025-01: 90, 2025-02: 70, 2025-03: 110, 2025-04: 90, 2025-05: 70, 2025-06: 50, 2025-07: 50, 2025-08: 50, 2025-09: 70, 2025-10: 40, 2025-11: 50, 2025-12: 70",0.04,0.98
"воск автомобильный",70,"2024-12: 40, 2025-01: 70, 2025-02: 70, 2025-03: 90, 2025-04: 70, 2025-05: 110, 2025-06: 50, 2025-07: 70, 2025-08: 90, 2025-09: 70, 2025-10: 50, 2025-11: 50, 2025-12: 70",0.04,1.00
"воск для полировки авто",90,"2024-12: 30, 2025-01: 90, 2025-02: 40, 2025-03: 140, 2025-04: 140, 2025-05: 140, 2025-06: 140, 2025-07: 110, 2025-08: 140, 2025-09: 90, 2025-10: 40, 2025-11: 50, 2025-12: 90",0.02,0.85
"антидождь для авто",260,"2024-12: 480, 2025-01: 170, 2025-02: 140, 2025-03: 170, 2025-04: 210, 2025-05: 210, 2025-06: 110, 2025-07: 90, 2025-08: 140, 2025-09: 260, 2025-10: 720, 2025-11: 720, 2025-12: 260",0.02,1.00
"губка для мойки авто",70,"2024-12: 40, 2025-01: 70, 2025-02: 50, 2025-03: 110, 2025-04: 90, 2025-05: 70, 2025-06: 90, 2025-07: 70, 2025-08: 70, 2025-09: 110, 2025-10: 30, 2025-11: 50, 2025-12: 70",0.02,1.00
"кислотный шампунь для авто",90,"2024-12: 30, 2025-01: 70, 2025-02: 70, 2025-03: 70, 2025-04: 110, 2025-05: 110, 2025-06: 110, 2025-07: 140, 2025-08: 70, 2025-09: 90, 2025-10: 70, 2025-11: 50, 2025-12: 90",0.08,1.00
"щетка для чистки салона автомобиля",40,"2024-12: 20, 2025-01: 20, 2025-02: 50, 2025-03: 50, 2025-04: 50, 2025-05: 40, 2025-06: 40, 2025-07: 30, 2025-08: 40, 2025-09: 20, 2025-10: 20, 2025-11: 20, 2025-12: 40",0.07,0.98
"щетка для чистки салона авто",40,"2024-12: 20, 2025-01: 20, 2025-02: 50, 2025-03: 50, 2025-04: 50, 2025-05: 40, 2025-06: 40, 2025-07: 30, 2025-08: 40, 2025-09: 20, 2025-10: 20, 2025-11: 20, 2025-12: 40",0.07,0.98
"тряпки для мытья машины",50,"2024-12: 30, 2025-01: 70, 2025-02: 50, 2025-03: 90, 2025-04: 50, 2025-05: 40, 2025-06: 30, 2025-07: 40, 2025-08: 70, 2025-09: 70, 2025-10: 20, 2025-11: 20, 2025-12: 50",0.02,1.00
"средство для мойки авто",40,"2024-12: 30, 2025-01: 70, 2025-02: 50, 2025-03: 90, 2025-04: 70, 2025-05: 40, 2025-06: 40, 2025-07: 40, 2025-08: 40, 2025-09: 30, 2025-10: 20, 2025-11: 20, 2025-12: 40",0.10,1.00
"химия для мойки",50,"2024-12: 70, 2025-01: 50, 2025-02: 40, 2025-03: 70, 2025-04: 50, 2025-05: 50, 2025-06: 40, 2025-07: 50, 2025-08: 50, 2025-09: 50, 2025-10: 20, 2025-11: 30, 2025-12: 50",0.11,1.00
"химия для дисков",50,"2024-12: 40, 2025-01: 70, 2025-02: 50, 2025-03: 90, 2025-04: 70, 2025-05: 90, 2025-06: 50, 2025-07: 50, 2025-08: 30, 2025-09: 50, 2025-10: 20, 2025-11: 50, 2025-12: 50",0.08,1.00
"средство для чистки кожи авто",70,"2024-12: 70, 2025-01: 50, 2025-02: 70, 2025-03: 90, 2025-04: 90, 2025-05: 90, 2025-06: 70, 2025-07: 50, 2025-08: 70, 2025-09: 70, 2025-10: 70, 2025-11: 40, 2025-12: 70",0.06,1.00
"средства для чистки кожи автомобиля",70,"2024-12: 70, 2025-01: 50, 2025-02: 70, 2025-03: 90, 2025-04: 90, 2025-05: 90, 2025-06: 70, 2025-07: 50, 2025-08: 70, 2025-09: 70, 2025-10: 70, 2025-11: 40, 2025-12: 70",0.06,1.00
"очиститель кузова авто",50,"2024-12: 40, 2025-01: 50, 2025-02: 50, 2025-03: 110, 2025-04: 70, 2025-05: 50, 2025-06: 50, 2025-07: 50, 2025-08: 30, 2025-09: 110, 2025-10: 40, 2025-11: 20, 2025-12: 50",0.06,1.00
"очиститель кузова автомобиля",50,"2024-12: 40, 2025-01: 50, 2025-02: 50, 2025-03: 110, 2025-04: 70, 2025-05: 50, 2025-06: 50, 2025-07: 50, 2025-08: 30, 2025-09: 110, 2025-10: 40, 2025-11: 20, 2025-12: 50",0.06,1.00
"очиститель шин",50,"2024-12: 50, 2025-01: 20, 2025-02: 30, 2025-03: 90, 2025-04: 70, 2025-05: 40, 2025-06: 30, 2025-07: 40, 2025-08: 40, 2025-09: 70, 2025-10: 50, 2025-11: 40, 2025-12: 50",0.03,1.00
"полироль для стекла авто",50,"2024-12: 30, 2025-01: 50, 2025-02: 50, 2025-03: 90, 2025-04: 50, 2025-05: 70, 2025-06: 50, 2025-07: 40, 2025-08: 50, 2025-09: 90, 2025-10: 40, 2025-11: 40, 2025-12: 50",0.02,1.00
"полироль для стекол автомобиля",50,"2024-12: 30, 2025-01: 50, 2025-02: 50, 2025-03: 90, 2025-04: 50, 2025-05: 70, 2025-06: 50, 2025-07: 40, 2025-08: 50, 2025-09: 90, 2025-10: 40, 2025-11: 40, 2025-12: 50",0.02,1.00
"пенообразователь для мойки высокого давления",50,"2024-12: 30, 2025-01: 70, 2025-02: 70, 2025-03: 70, 2025-04: 70, 2025-05: 50, 2025-06: 50, 2025-07: 50, 2025-08: 70, 2025-09: 50, 2025-10: 30, 2025-11: 20, 2025-12: 50",0.02,1.00
"автомобильный шампунь для ручной мойки",50,"2024-12: 50, 2025-01: 70, 2025-02: 50, 2025-03: 70, 2025-04: 70, 2025-05: 70, 2025-06: 50, 2025-07: 70, 2025-08: 40, 2025-09: 40, 2025-10: 20, 2025-11: 10, 2025-12: 50",0.00,1.00
"щетки для мойки машины",70,"2024-12: 90, 2025-01: 110, 2025-02: 90, 2025-03: 110, 2025-04: 90, 2025-05: 30, 2025-06: 20, 2025-07: 30, 2025-08: 30, 2025-09: 40, 2025-10: 40, 2025-11: 40, 2025-12: 70",0.02,1.00
"кисти для детейлинга",140,"2024-12: 110, 2025-01: 110, 2025-02: 170, 2025-03: 170, 2025-04: 140, 2025-05: 140, 2025-06: 170, 2025-07: 110, 2025-08: 140, 2025-09: 140, 2025-10: 110, 2025-11: 110, 2025-12: 140",0.11,1.00
"защитные покрытия для авто",40,"2024-12: 50, 2025-01: 50, 2025-02: 50, 2025-03: 50, 2025-04: 70, 2025-05: 50, 2025-06: 30, 2025-07: 30, 2025-08: 40, 2025-09: 40, 2025-10: 20, 2025-11: 20, 2025-12: 40",0.00,1.00
"полироль для автостекла",30,"2024-12: 10, 2025-01: 10, 2025-02: 20, 2025-03: 20, 2025-04: 50, 2025-05: 30, 2025-06: 40, 2025-07: 20, 2025-08: 30, 2025-09: 50, 2025-10: 40, 2025-11: 20, 2025-12: 30",0.02,1.00
"аксессуары для мойки авто",20,"2024-12: 30, 2025-01: 30, 2025-02: 30, 2025-03: 20, 2025-04: 20, 2025-05: 10, 2025-06: 20, 2025-07: 10, 2025-08: 10, 2025-09: 30, 2025-10: 10, 2025-11: 10, 2025-12: 20",0.00,1.00
"все для мойки авто",30,"2024-12: 20, 2025-01: 50, 2025-02: 50, 2025-03: 50, 2025-04: 40, 2025-05: 40, 2025-06: 20, 2025-07: 30, 2025-08: 20, 2025-09: 30, 2025-10: 20, 2025-11: 20, 2025-12: 30",0.09,1.00
"тряпки для полировки авто",30,"2024-12: 40, 2025-01: 30, 2025-02: 20, 2025-03: 50, 2025-04: 50, 2025-05: 40, 2025-06: 30, 2025-07: 20, 2025-08: 20, 2025-09: 50, 2025-10: 20, 2025-11: 10, 2025-12: 30",0.03,1.00
антибитум,260,"2024-12: 140, 2025-01: 170, 2025-02: 110, 2025-03: 260, 2025-04: 390, 2025-05: 390, 2025-06: 320, 2025-07: 320, 2025-08: 260, 2025-09: 260, 2025-10: 170, 2025-11: 140, 2025-12: 260",0.07,1.00
"средство от мошек на авто",10,"2024-12: 0, 2025-01: 0, 2025-02: 0, 2025-03: 10, 2025-04: 10, 2025-05: 10, 2025-06: 10, 2025-07: 10, 2025-08: 10, 2025-09: 10, 2025-10: 0, 2025-11: 0, 2025-12: 10",0.00,0.00
"автомобильный шампунь",90,"2024-12: 50, 2025-01: 110, 2025-02: 90, 2025-03: 140, 2025-04: 140, 2025-05: 90, 2025-06: 90, 2025-07: 70, 2025-08: 70, 2025-09: 90, 2025-10: 50, 2025-11: 40, 2025-12: 90",0.04,1.00
"чернитель колёс",40,"2024-12: 10, 2025-01: 10, 2025-02: 20, 2025-03: 50, 2025-04: 70, 2025-05: 40, 2025-06: 50, 2025-07: 30, 2025-08: 50, 2025-09: 50, 2025-10: 20, 2025-11: 30, 2025-12: 40",0.02,1.00
"тряпка для стекла автомобиля",40,"2024-12: 50, 2025-01: 50, 2025-02: 40, 2025-03: 70, 2025-04: 50, 2025-05: 40, 2025-06: 20, 2025-07: 30, 2025-08: 40, 2025-09: 50, 2025-10: 30, 2025-11: 30, 2025-12: 40",0.02,1.00
"глина для чистки авто",30,"2024-12: 30, 2025-01: 30, 2025-02: 20, 2025-03: 10, 2025-04: 20, 2025-05: 40, 2025-06: 40, 2025-07: 50, 2025-08: 40, 2025-09: 40, 2025-10: 40, 2025-11: 40, 2025-12: 30",0.02,1.00
"щетки для химчистки авто",40,"2024-12: 10, 2025-01: 30, 2025-02: 30, 2025-03: 50, 2025-04: 50, 2025-05: 70, 2025-06: 40, 2025-07: 50, 2025-08: 40, 2025-09: 50, 2025-10: 30, 2025-11: 30, 2025-12: 40",0.07,1.00
"щетка для дисков авто",20,"2024-12: 30, 2025-01: 50, 2025-02: 30, 2025-03: 20, 2025-04: 20, 2025-05: 30, 2025-06: 20, 2025-07: 30, 2025-08: 20, 2025-09: 10, 2025-10: 20, 2025-11: 20, 2025-12: 20",0.06,1.00
"малярная лента",590,"2024-12: 590, 2025-01: 590, 2025-02: 720, 2025-03: 590, 2025-04: 590, 2025-05: 590, 2025-06: 590, 2025-07: 590, 2025-08: 590, 2025-09: 880, 2025-10: 590, 2025-11: 480, 2025-12: 590",0.02,1.00
"шерстяной круг для полировки",30,"2024-12: 20, 2025-01: 40, 2025-02: 20, 2025-03: 40, 2025-04: 50, 2025-05: 50, 2025-06: 30, 2025-07: 40, 2025-08: 40, 2025-09: 30, 2025-10: 20, 2025-11: 10, 2025-12: 30",0.08,1.00
"микрофибра для полировки авто",50,"2024-12: 30, 2025-01: 30, 2025-02: 40, 2025-03: 70, 2025-04: 70, 2025-05: 70, 2025-06: 50, 2025-07: 40, 2025-08: 70, 2025-09: 50, 2025-10: 30, 2025-11: 30, 2025-12: 50",0.07,1.00
"автохимия для мойки",40,"2024-12: 30, 2025-01: 40, 2025-02: 40, 2025-03: 90, 2025-04: 50, 2025-05: 40, 2025-06: 40, 2025-07: 20, 2025-08: 40, 2025-09: 20, 2025-10: 20, 2025-11: 20, 2025-12: 40",0.11,0.87
"средства для чистки дисков",50,"2024-12: 30, 2025-01: 50, 2025-02: 40, 2025-03: 90, 2025-04: 50, 2025-05: 50, 2025-06: 40, 2025-07: 40, 2025-08: 40, 2025-09: 70, 2025-10: 20, 2025-11: 30, 2025-12: 50",0.02,1.00
"автохимия для кузова",40,"2024-12: 70, 2025-01: 70, 2025-02: 50, 2025-03: 40, 2025-04: 50, 2025-05: 30, 2025-06: 30, 2025-07: 30, 2025-08: 20, 2025-09: 70, 2025-10: 10, 2025-11: 10, 2025-12: 40",0.08,1.00
"распылитель для мойки авто",40,"2024-12: 40, 2025-01: 50, 2025-02: 50, 2025-03: 90, 2025-04: 50, 2025-05: 50, 2025-06: 50, 2025-07: 20, 2025-08: 30, 2025-09: 20, 2025-10: 10, 2025-11: 20, 2025-12: 40",0.02,1.00
"щетки для мойки авто",390,"2024-12: 480, 2025-01: 720, 2025-02: 720, 2025-03: 720, 2025-04: 480, 2025-05: 320, 2025-06: 320, 2025-07: 260, 2025-08: 260, 2025-09: 210, 2025-10: 260, 2025-11: 390, 2025-12: 390",0.06,1.00
силант,50,"2024-12: 30, 2025-01: 30, 2025-02: 50, 2025-03: 70, 2025-04: 70, 2025-05: 70, 2025-06: 40, 2025-07: 70, 2025-08: 50, 2025-09: 70, 2025-10: 40, 2025-11: 20, 2025-12: 50",0.00,0.83
"средства для дисков и шин",0,,0.00,0.00
"средства для стекол авто",0,,0.00,0.00
"полотенце для сушки авто",260,"2024-12: 320, 2025-01: 320, 2025-02: 320, 2025-03: 390, 2025-04: 260, 2025-05: 210, 2025-06: 260, 2025-07: 320, 2025-08: 260, 2025-09: 260, 2025-10: 210, 2025-11: 210, 2025-12: 260",0.06,1.00
"все для мойки автомобилей",30,"2024-12: 20, 2025-01: 50, 2025-02: 50, 2025-03: 50, 2025-04: 40, 2025-05: 40, 2025-06: 20, 2025-07: 30, 2025-08: 20, 2025-09: 30, 2025-10: 20, 2025-11: 20, 2025-12: 30",0.09,1.00
"антибитум для авто",260,"2024-12: 170, 2025-01: 170, 2025-02: 170, 2025-03: 320, 2025-04: 390, 2025-05: 320, 2025-06: 320, 2025-07: 260, 2025-08: 210, 2025-09: 210, 2025-10: 140, 2025-11: 140, 2025-12: 260",0.05,1.00
"глина для чистки автомобиля",30,"2024-12: 30, 2025-01: 30, 2025-02: 20, 2025-03: 10, 2025-04: 20, 2025-05: 40, 2025-06: 40, 2025-07: 50, 2025-08: 40, 2025-09: 40, 2025-10: 40, 2025-11: 40, 2025-12: 30",0.02,1.00
"быстрый воск для авто",20,"2024-12: 10, 2025-01: 10, 2025-02: 20, 2025-03: 30, 2025-04: 30, 2025-05: 20, 2025-06: 30, 2025-07: 10, 2025-08: 10, 2025-09: 20, 2025-10: 20, 2025-11: 10, 2025-12: 20",0.00,1.00
"наборы для мойки авто",170,"2024-12: 390, 2025-01: 210, 2025-02: 170, 2025-03: 210, 2025-04: 140, 2025-05: 140, 2025-06: 110, 2025-07: 140, 2025-08: 90, 2025-09: 110, 2025-10: 110, 2025-11: 110, 2025-12: 170",0.10,1.00
"средства для чистки кожаного салона автомобиля",30,"2024-12: 20, 2025-01: 40, 2025-02: 30, 2025-03: 40, 2025-04: 30, 2025-05: 40, 2025-06: 20, 2025-07: 20, 2025-08: 20, 2025-09: 70, 2025-10: 40, 2025-11: 20, 2025-12: 30",0.09,1.00
"очиститель кузова",30,"2024-12: 20, 2025-01: 10, 2025-02: 20, 2025-03: 50, 2025-04: 40, 2025-05: 20, 2025-06: 20, 2025-07: 30, 2025-08: 40, 2025-09: 70, 2025-10: 10, 2025-11: 10, 2025-12: 30",0.09,1.00
"силанты для авто",30,"2024-12: 20, 2025-01: 20, 2025-02: 30, 2025-03: 30, 2025-04: 40, 2025-05: 50, 2025-06: 50, 2025-07: 40, 2025-08: 30, 2025-09: 30, 2025-10: 30, 2025-11: 30, 2025-12: 30",0.09,1.00
"для кожи автомобиля",30,"2024-12: 20, 2025-01: 30, 2025-02: 30, 2025-03: 20, 2025-04: 30, 2025-05: 30, 2025-06: 20, 2025-07: 30, 2025-08: 30, 2025-09: 30, 2025-10: 20, 2025-11: 20, 2025-12: 30",0.10,1.00
"полироль для наружного пластика автомобиля",30,"2024-12: 10, 2025-01: 50, 2025-02: 30, 2025-03: 50, 2025-04: 40, 2025-05: 40, 2025-06: 30, 2025-07: 30, 2025-08: 20, 2025-09: 20, 2025-10: 10, 2025-11: 20, 2025-12: 30",0.02,1.00
"полироль для наружного пластика авто",30,"2024-12: 10, 2025-01: 50, 2025-02: 30, 2025-03: 50, 2025-04: 40, 2025-05: 40, 2025-06: 30, 2025-07: 30, 2025-08: 20, 2025-09: 20, 2025-10: 10, 2025-11: 20, 2025-12: 30",0.02,1.00
"аппликатор для авто",20,"2024-12: 10, 2025-01: 10, 2025-02: 10, 2025-03: 10, 2025-04: 30, 2025-05: 20, 2025-06: 20, 2025-07: 30, 2025-08: 20, 2025-09: 30, 2025-10: 20, 2025-11: 20, 2025-12: 20",0.00,0.88
"средство от битума",10,"2024-12: 0, 2025-01: 10, 2025-02: 10, 2025-03: 10, 2025-04: 10, 2025-05: 10, 2025-06: 10, 2025-07: 20, 2025-08: 10, 2025-09: 20, 2025-10: 10, 2025-11: 10, 2025-12: 10",0.00,1.00
"микрофибра для стекол авто",0,,0.00,0.00
"наборы автохимии",70,"2024-12: 210, 2025-01: 70, 2025-02: 110, 2025-03: 70, 2025-04: 70, 2025-05: 70, 2025-06: 70, 2025-07: 70, 2025-08: 40, 2025-09: 50, 2025-10: 30, 2025-11: 70, 2025-12: 70",0.11,1.00
"обезжириватель для кузова авто",20,"2024-12: 20, 2025-01: 10, 2025-02: 20, 2025-03: 20, 2025-04: 20, 2025-05: 30, 2025-06: 30, 2025-07: 20, 2025-08: 30, 2025-09: 20, 2025-10: 10, 2025-11: 20, 2025-12: 20",0.00,1.00
"силант для авто",30,"2024-12: 20, 2025-01: 20, 2025-02: 30, 2025-03: 30, 2025-04: 40, 2025-05: 50, 2025-06: 50, 2025-07: 40, 2025-08: 30, 2025-09: 30, 2025-10: 30, 2025-11: 30, 2025-12: 30",0.09,1.00
"химия для шин",0,,0.00,0.00
"средство для кожи",20,"2024-12: 20, 2025-01: 40, 2025-02: 20, 2025-03: 20, 2025-04: 40, 2025-05: 20, 2025-06: 20, 2025-07: 20, 2025-08: 20, 2025-09: 20, 2025-10: 20, 2025-11: 10, 2025-12: 20",0.00,1.00
"химия для стекол автомобиля",0,,0.00,0.00
"тряпка для вытирания авто после мойки",20,"2024-12: 20, 2025-01: 40, 2025-02: 30, 2025-03: 20, 2025-04: 30, 2025-05: 10, 2025-06: 10, 2025-07: 10, 2025-08: 10, 2025-09: 10, 2025-10: 10, 2025-11: 10, 2025-12: 20",0.00,1.00
"ведро для детейлинга",30,"2024-12: 30, 2025-01: 50, 2025-02: 50, 2025-03: 40, 2025-04: 50, 2025-05: 30, 2025-06: 30, 2025-07: 10, 2025-08: 20, 2025-09: 30, 2025-10: 20, 2025-11: 20, 2025-12: 30",0.05,1.00
"аксессуары для детейлинга",10,"2024-12: 10, 2025-01: 10, 2025-02: 0, 2025-03: 10, 2025-04: 20, 2025-05: 10, 2025-06: 10, 2025-07: 10, 2025-08: 10, 2025-09: 10, 2025-10: 10, 2025-11: 10, 2025-12: 10",0.17,1.00
"тряпка для стекол авто",10,"2024-12: 10, 2025-01: 10, 2025-02: 10, 2025-03: 10, 2025-04: 20, 2025-05: 10, 2025-06: 10, 2025-07: 10, 2025-08: 10, 2025-09: 10, 2025-10: 20, 2025-11: 10, 2025-12: 10",0.02,1.00
"тряпка для стекол автомобиля",10,"2024-12: 10, 2025-01: 10, 2025-02: 10, 2025-03: 10, 2025-04: 20, 2025-05: 10, 2025-06: 10, 2025-07: 10, 2025-08: 10, 2025-09: 10, 2025-10: 20, 2025-11: 10, 2025-12: 10",0.02,1.00
"кислотный автошампунь",20,"2024-12: 10, 2025-01: 20, 2025-02: 20, 2025-03: 10, 2025-04: 10, 2025-05: 40, 2025-06: 20, 2025-07: 20, 2025-08: 10, 2025-09: 20, 2025-10: 10, 2025-11: 10, 2025-12: 20",0.04,1.00
"меховой круг для полировки",30,"2024-12: 10, 2025-01: 30, 2025-02: 30, 2025-03: 40, 2025-04: 20, 2025-05: 40, 2025-06: 30, 2025-07: 40, 2025-08: 50, 2025-09: 30, 2025-10: 30, 2025-11: 10, 2025-12: 30",0.00,1.00
"обезжириватель для авто перед полировкой",30,"2024-12: 10, 2025-01: 20, 2025-02: 40, 2025-03: 20, 2025-04: 20, 2025-05: 50, 2025-06: 30, 2025-07: 40, 2025-08: 40, 2025-09: 50, 2025-10: 10, 2025-11: 10, 2025-12: 30",0.00,1.00
"очиститель дисков",260,"2024-12: 170, 2025-01: 260, 2025-02: 140, 2025-03: 480, 2025-04: 390, 2025-05: 320, 2025-06: 260, 2025-07: 210, 2025-08: 170, 2025-09: 210, 2025-10: 170, 2025-11: 170, 2025-12: 260",0.02,1.00
"автохимия для стекол",10,"2024-12: 10, 2025-01: 10, 2025-02: 10, 2025-03: 10, 2025-04: 10, 2025-05: 10, 2025-06: 10, 2025-07: 10, 2025-08: 10, 2025-09: 10, 2025-10: 10, 2025-11: 10, 2025-12: 10",0.05,1.00
"защитное покрытие для дисков",10,"2024-12: 0, 2025-01: 10, 2025-02: 10, 2025-03: 10, 2025-04: 10, 2025-05: 10, 2025-06: 0, 2025-07: 10, 2025-08: 10, 2025-09: 10, 2025-10: 10, 2025-11: 10, 2025-12: 10",0.00,1.00
"оборудование для моек авто",10,"2024-12: 10, 2025-01: 10, 2025-02: 20, 2025-03: 10, 2025-04: 10, 2025-05: 10, 2025-06: 10, 2025-07: 10, 2025-08: 10, 2025-09: 10, 2025-10: 10, 2025-11: 10, 2025-12: 10",0.21,1.00
"оборудование для мойки автомобилей",10,"2024-12: 10, 2025-01: 10, 2025-02: 20, 2025-03: 10, 2025-04: 10, 2025-05: 10, 2025-06: 10, 2025-07: 10, 2025-08: 10, 2025-09: 10, 2025-10: 10, 2025-11: 10, 2025-12: 10",0.21,1.00
"очиститель резины",40,"2024-12: 20, 2025-01: 30, 2025-02: 20, 2025-03: 50, 2025-04: 50, 2025-05: 40, 2025-06: 30, 2025-07: 50, 2025-08: 40, 2025-09: 90, 2025-10: 40, 2025-11: 40, 2025-12: 40",0.07,1.00
"средство для чистки шин",10,"2024-12: 10, 2025-01: 10, 2025-02: 10, 2025-03: 10, 2025-04: 10, 2025-05: 10, 2025-06: 10, 2025-07: 10, 2025-08: 10, 2025-09: 30, 2025-10: 10, 2025-11: 10, 2025-12: 10",0.00,1.00
"автохимия от производителя",10,"2024-12: 10, 2025-01: 10, 2025-02: 0, 2025-03: 10, 2025-04: 0, 2025-05: 0, 2025-06: 0, 2025-07: 0, 2025-08: 0, 2025-09: 0, 2025-10: 0, 2025-11: 0, 2025-12: 10",0.00,0.00
"автохимия производство",10,"2024-12: 10, 2025-01: 0, 2025-02: 0, 2025-03: 10, 2025-04: 0, 2025-05: 0, 2025-06: 0, 2025-07: 10, 2025-08: 10, 2025-09: 10, 2025-10: 0, 2025-11: 10, 2025-12: 10",0.00,0.71
"автохимия поставщики",10,"2024-12: 10, 2025-01: 10, 2025-02: 10, 2025-03: 10, 2025-04: 10, 2025-05: 10, 2025-06: 10, 2025-07: 10, 2025-08: 10, 2025-09: 10, 2025-10: 0, 2025-11: 10, 2025-12: 10",0.00,1.00
"полироль для наружного пластика",10,"2024-12: 10, 2025-01: 0, 2025-02: 10, 2025-03: 10, 2025-04: 10, 2025-05: 10, 2025-06: 10, 2025-07: 10, 2025-08: 10, 2025-09: 10, 2025-10: 10, 2025-11: 10, 2025-12: 10",0.00,1.00
"покрытие для автомобиля",10,"2024-12: 10, 2025-01: 10, 2025-02: 10, 2025-03: 10, 2025-04: 20, 2025-05: 10, 2025-06: 10, 2025-07: 20, 2025-08: 10, 2025-09: 10, 2025-10: 10, 2025-11: 10, 2025-12: 10",0.00,1.00
