3403	3403	13	Універсальний очисник Orange Power (концентрат 1:2) - 500 мл. Ultimate	434
3508	3508	0	Гумова Щітка для Видалення Шерсті та Очищення Ворсу з Килимів	477
3511	3511	12	Полірувальний круг ZviZZer THERMO Pad, grey Ø 160/20/150 mm, сірий, жорсткий	459
3516	3516	0	Рушник для сушіння автомобіля Мікроволокно 60Х80см 600GSM	446
3517	3517	12	Твердий (різальний) полірувальний круг ZviZZer TRAPEZ, червоний [hard]95/25/80	459
3518	3518	0	Щітка для Глибокого Миття Дисків з Гумовим Наконечником EZ-Style Синя 43 см	477
3522	3522	0	Контурний Поролоновий Аплікатор для Чорніння Шин	453
3526	3526	13	Зимовий Омивач Скла -20°C Ultimate Ice Breaker 4 л	418
3530	3530	0	Хімстійкий Тригер-Розпилювач для Пляшок Чорний	447
3531	3531	0	Мікрофібра 40х40 чорна 300 GSM	446
3532	3532	0	Щітка з Жорстким Ворсом для Глибокого Чищення Килимків та Ковроліну	477
3533	3533	0	Губка-Аплікатор з Мікрощетиною для Глибокого Чищення Текстилю та Шкіри	477
3534	3534	0	Щітка зі Змішаним Ворсом для Чищення Шкіри 14 см	477
3535	3535	0	Двостороння Гумова Щітка для Видалення Шерсті та Бруду з Текстилю	477
3537	3537	0	Ергономічна Щітка для Чищення Килимів та Текстильної Оббивки	477
3540	3540	12	Полірувальний пад ZviZZer THERMO Pad, black Ø 90/20/80 mm, чорний, м’який	459
3544	3544	12	Полірувальний круг ZviZZer THERMO Pad, black Ø160/20/150 mm, чорний, м’який	459
3546	3546	12	Гнучка Платформа-Підкладка для Полірувальних Кругів ZviZZer Flexi 150 мм (M14)	459
3548	3548	12	Полірувальний круг ZviZZer THERMO Pad, blue 160/20/150 mm, синій, середньої жорсткості	459
3552	3552	12	Полірувальний круг ZviZZer THERMO Pad, blue Ø 135/20/125 mm, синій, середньої жорсткості	459
3554	3554	11	Gtechniq C5 Wheel Armour – Комплект покриття для колісних дисків	439
3559	3559	0	Набір Детейлінг-Пензлів з Натурального Ворсу (3 шт) для Салону та Кузова	466,477
3560	3560	0	Набір М'яких Нейлонових Щіток на Дриль (4 шт) для Делікатного Чищення Салону	445,477
3561	3561	0	Синтетична Щітка-Скраб для Чищення Килимів та Тканини	477
3562	3562	0	Професійна Щітка з Кінського Ворсу для Чищення Шкіри	477
3563	3563	0	Нейлонова Щітка з Короткою Ручкою для Чищення Килимів та Текстилю	477
3564	3564	0	Щітка для Хімчистки Інтер'єру Buff and Shine Multi Purpose Scrub	477
3565	3565	12	Полірувальний круг ZviZZer THERMO Pad, grey 90/20/80 mm, сірий, жорсткий	459
3568	3568	0	Рушник для сушіння автомобіля з мікрофібри 40Х60см 1200GSM	446
3569	3569	0	Серветка Zvizzer з мікрофібри синя 40*40 cm	446
3570	3570	0	Набір Універсальних Детейлінг-Пензлів зі Штучним Щільним Ворсом (3 шт)	466,477
3571	3571	0	Рукавиця з Мікрофібрового Флісу для Ручного Миття Авто Синя	477
3572	3572	12	Серветка Zvizzer з мікрофібри червона 40*40 cm	446
3573	3573	0	Серветка для скла Gold 36 x 36 cm	446
3580	3580	12	Полірувальний круг ZviZZer THERMO Pad, blue 90/20/80 mm, синій, середньої жорсткості	459
3586	3586	0	Ручний Помповий Пінник для Густої Піни та Хімчистки Салону	447
3587	3587	0	Професійний Хімстійкий Тригер-Розпилювач з Ущільненням Viton (FKM)	447
3588	3588	0	Хімстійкий Тригерний Розпилювач 360° KWAZAR Mercury Super Pro+ 0.5 л	447
3589	3589	0	Серветка тонка з мікрофібри сіра 40*40 cm 250GSM	446
3590	3590	0	Серветка Zvizzer з мікрофібри сіра 40*40 cm	446
3591	3591	0	Серветка з графеновим волокном для скла 40х50	446
3592	3592	0	Рушник для сушіння автомобіля Мікроволокно 60Х40см 600GSM	446
3593	3593	0	Рушник з мікрофібри синій 30х40 (600 GSM)	446
3595	3595	0	Мікрофібра сіра 500GSM 40×40	446
3596	3596	12	Ультрам’який (фінішний) полірувальний круг ZviZZer TRAPEZ, зелений [ultrasoft] 95/25/80	459
3598	3598	0	Рукавиця для Миття Авто з Натуральної Овчини	477
3599	3599	0	Щітка для Глибокого Миття Дисків з Гумовим Наконечником Червона 43 см	445,477
3601	3601	0	Універсальний Круглий Поролоновий Аплікатор для Авто Жовтий	453
3602	3602	0	Універсальний М'який Поролоновий Аплікатор для Нанесення Захисних Покриттів Чорний	453
3604	3604	13	Керамічне Покриття 9H для Глибокого Блиску Ultimate ELISIUM 50 мл	439
3606	3606	0	Супергідрофобний Твердий Віск (до 12 міс.) для Темних Авто Soft99 Fusso Coat 12 Months 200 г	437
3607	3607	11	Gtechniq C0 Aero Coat 50ml	439
3608	3608	11	Набір: Керамічне Покриття 9H та Гідрофобний Шар Gtechniq Crystal Serum Light & EXOv5 50 мл	439
3613	3613	13	Засіб для Консервації Пластику Салону Ultimate Top Plast 200 мл	429
3616	3616	0	Губка для Ручного Миття Авто 19x12x7 см	477
3617	3617	0	Крупнопориста Губка для Безпечної Мийки Авто	477
3618	3618	0	Жорстка Щітка для Литих Дисків Vikan 65x325 мм	477
3622	3622	13	Зимовий Омивач Скла -20°C Ultimate Black Ice 4 л	418
3623	3623	0	Компактний Пістолет для Сухої Чистки та Продувки Palm Gun 360°	462,463
3624	3624	0	Набір Ультрам'яких Детейлінг-Пензлів для Делікатних Поверхонь (4 шт)	466
3625	3625	13	Гелевий Очисник Дисків та Кузова з Індикатором Металевих Вкраплень Ultimate Iron X 500 мл	419,471
3626	3626	6	Візок для відра ручної мийки Ultimate	448
3627	3627	0	Кислотостійкий Тригер-Розпилювач з Ущільненням Viton (FKM)	447
3628	3628	0	Пляшка з Розміткою для Хімії з Хімстійкого Поліетилену 600 мл	447
3629	3629	0	Помпа-Дозатор для Пляшок та Каністр (30 мл)	447
3631	3631	0	Серветка для скла 40х40см вафельна	446
3632	3632	0	Серветка Zvizzer з мікрофібри зелена 40*40 cm	446
3633	3633	0	Рушник для сушіння автомобіля Мікроволокно 50Х80см 600GSM	446
3634	3634	0	Серветка з мікрофібри для нанесення керамічних покриттів (12х12)	446
3635	3635	0	Двостороння Нейлонова Щітка для Чищення Важкодоступних Місць в Салоні	477
3636	3636	0	Двостороння Рукавиця з Мікрофібри для Миття Кузова та Дисків	477
3637	3637	0	Щітка з Натуральним Кінським Ворсом для Делікатного Чищення Шкіри та Вінілу	477
3638	3638	0	Універсальна Рукавичка-Аплікатор з Мікрофібри для Нанесення Захисних Покриттів	453
3640	3640	0	Набір Детейлінг-Пензлів з Довгою Щетиною (3 шт)	466,477
3642	3642	0	Детейлінг-Пензель з Синтетичним Ворсом для Важкодоступних Місць 25 см	477
3643	3643	0	Меламінова Губка-Ластик для Видалення Стійких Плям 11х6 см	453
3644	3644	0	Набір Детейлінг-Пензлів для Чищення Салону (3 шт)	466,477
3645	3645	0	Багаторазова Губка-Автоскраб для Глибокого Очищення Кузова	423
3649	3649	0	Аплікатор для Нанесення Керамічних Покриттів	453
3650	3650	12	Гнучка Платформа-Підкладка для Полірувальних Кругів ZviZZer Flexi 125 мм (M14)	459
3651	3651	13	Активная пена Ultimate First Pre Wash 500 мл	415
3653	3653	11	Gtechniq CRYSTAL LACQUER – ЗАХИСТНЕ ПОКРИТТЯ ДЛЯ ЛКП, 50 МЛ, C1	439
3654	3654	11	Керамічне Покриття 9H для Захисту ЛКП Gtechniq Crystal Serum Light 50 мл	439
3658	3658	0	Набір Детейлінг-Пензлів із Змішаним Ворсом (5 шт) CDL	445,466,477
3659	3659	0	Ультрам'який Детейлінг-Пензель для Вентиляційних Решіток та Делікатних Поверхонь Vent Duster	477
3660	3660	0	Детейлінг-Пензель з Натуральним Ворсом для Делікатного Чищення Салону	477
3661	3661	0	Універсальний Детейлінг-Пензель з М'яким Ворсом для Інтер'єру та Екстер'єру	477
3662	3662	0	Жорстка Щітка-Пензель для Глибокого Очищення Важкодоступних Місць	477
3665	3665	0	Мікрофібра 3D флісова з лазерною різзю (без окантовки), розмір 40х40 см 400GSM	446
3666	3666	0	Набір Детейлінг-Пензлів з Синтетичним Ворсом (5 шт) Червоні	466
3669	3669	0	Мікрофібра для розполіровування захисних покриттів size 40×40 cm 320GSM	446
3670	3670	0	Серветка для скла 40х40	446
3674	3674	0	Кислотостійкий Детейлінг-Пензель для Миття Двигуна та Пройомів	477
3675	3675	0	Аплікатор з Ручкою для Чорніння Шин	453
3676	3676	0	Хімстійка Нейлонова Щітка для Чищення Шин та Гумових Килимків	477
3681	3681	0	Хімстійкий Тригер-Розпилювач DURASPRAY Чорний	447
3682	3682	0	Відро для мийки авто 20л	448
3683	3683	0	Пляшка для Хімії з Хімстійкого Поліетилену (PE-HD) 1 л	447
3684	3684	0	Кран-Дозатор для Каністр для Швидкого та Чистого Переливання	447
3687	3687	0	Рушник для сушіння автомобіля з мікрофібри 50Х80см 1200GSM	446
3688	3688	12	Ультрам’який (фінішний) полірувальний круг ZviZZer TRAPEZ, зелений [ultrasoft] 55/20/35	459
3689	3689	0	Широка Мідна Щітка для Глибокого Чищення Шин W.S.W.	477
3690	3690	0	ПВХ Щітка з Короткою Ручкою для Миття Коліс та Двигуна	477
3691	3691	0	Щітка з Мікрофібри для Глибокого Миття Спиць та Ободів Дисків	477
3696	3696	13	Набір для хімчистки салону Ultimate	466
3697	3697	11	HALO FLEXIBLE FILM COATING – ЗАХИСТНЕ ПОКРИТТЯ ДЛЯ ПЛІНОК, 50 МЛ	439
3698	3698	0	Ультрагідрофобний Твердий Віск для Світлих Авто та Металіків Soft99 Water Block Wax 300 г	437
3702	3702	13	Швидкий Віск для Нанесення на Мокрий Кузов Ultimate Wet Coat 500 мл	456
3704	3704	0	Акумуляторна Полірувальна Машинка Liquid Elements A2000 Professional	461
3705	3705	0	Ексцентрикова Полірувальна Машинка (хід 15 мм) Liquid Elements Т4500	461
3706	3706	0	Міні Акумуляторна Полірувальна Машинка Liquid Elements A1000 V4	461
3707	3707	0	Ексцентрикова Полірувальна Машинка Liquid Elements T2000 V4	461
3709	3709	13	Очисник Бітумних Плям (Антибітум) Ultimate Bitumen Buster 500 мл	475,478
3717	3717	0	Хутро гібрид 125мм Buff and Shine	459
3718	3718	12	Ультрам’який (фінішний) полірувальний круг ZviZZer TRAPEZ, зелений [ultrasoft] 40/20/30	459
3719	3719	13	Захисне покриття для вікон VISION Glass Coating 50мл Ultimate	473
3725	3725	0	Багаторазовий Автоскраб-Пад для Очищення Кузова перед Поліруванням	423
3727	3727	13	Керамічне Покриття для Зовнішнього та Внутрішнього Пластику Ultimate IONIC 30 мл	439
3730	3730	12	Гнучка Платформа-Підкладка для Полірувальних Кругів ZviZZer Flexi 76 мм (M14)	459
3731	3731	13	 Автошампунь для ручної мийки Unlim Shampoo 500ml Ultimate	412
3738	3738	0	Рукавиця для Миття Авто з Полівововни POLYWOOL	477
3741	3741	13	Тестовий Набір Автохімії Ultimate Starter Kit (8х200 мл + 2 тригери)	466
3742	3742	12	Ультрам’який (фінішний) полірувальний круг ZviZZer TRAPEZ, зелений [ultrasoft] 165/25/150	459
3744	3744	13	Кварцовий Квік-Детейлер для Глибокого Блиску та Гідрофобності Ultimate Gloss Storm 500 мл	436
3749	3749	0	Щітка для Колісних Дисків з М'якими Волокнами	477
3755	3755	0	ПВХ Щітка з Довгою Ручкою для Миття Коліс, Арок та Двигуна	477
3757	3757	13	Набір для 2х фазної мийки авто Ultimate	466
3758	3758	13	Професійний Набір для Комплексного Догляду за Авто Ultimate Full Pro Kit	466
3759	3759	13	Набір для Безпечної Мийки Авто з Керамічним Покриттям Ultimate	466
3760	3760	13	Універсальний Набір для Догляду за Авто Ultimate Every	466
3761	3761	13	Набір для 3-Фазової Мийки Авто Ultimate CarWash Kit	466
3762	3762	13	Набір для Догляду за Салоном Авто Ultimate Interior Care Kit	427,429,466
3763	3763	13	Набір для Догляду за Дисками та Шинами Авто Ultimate Wheels Kit	419,420,466
3764	3764	13	Очисник для Дисків та Шин 2-в-1 Ultimate RTW Tire & Wheel Cleaner 500 мл	420
3766	3766	0	Роторна Полірувальна Машинка Liquid Elements Terminator V2	461
3767	3767	13	Гібридне Графенове Покриття для Всіх Поверхонь Ultimate HYBRID 50 мл	439
3769	3769	13	Засіб для Чорніння Шин та Зовнішнього Пластику 2-в-1 Ultimate Slick Black 500 мл	420,421
3771	3771	13	Набір для Хімчистки та Догляду за Шкірою Салону Ultimate Skin Care Kit	427,428,466
3772	3772	0	Малярний Скотч Q1 Premium 24 мм х 50 м	454
3773	3773	13	Термостійке Керамічне Покриття для Дисків та Металу Ultimate NYO 9H 30 мл	439
3777	3777	0	Термостійкий 120°C Малярний Скотч SOTRO Gold 18 мм х 45 м	454
3780	3780	15	Очисник-Знежирювач для Шкіри Авто Furniture Clinic Leather Degreaser	428
3782	3782	0	Поліроль-Консервант для Пластику Салону з Матовим Ефектом Koch-Chemie Top Star 1 л	429
3784	3784	0	Тонка Поліуретанова Платформа-Підкладка для Полірувальних Кругів 125 мм	459
3785	3785	13	Очисник Слідів Комах (Антимошка) Ultimate Bug Off 500 мл	474,478
3788	3788	13	Захисне Покриття для Шкіри (6-12 міс.) Ultimate Leather Shield 100 мл	439
3789	3789	13	Очисник Скла Ultimate Pure Glass 500 мл	418
3791	3791	0	Фінішна Антиголограмна Полірувальна Паста 3D ACA 520 Finishing Polish	458
3795	3795	13	Універсальний Очисник для Хімчистки Салону Ultimate Multi Clean 500 мл	427
3798	3798	0	Поліроль для Очищення та Блиску Металу та Хрому 3D Metal Polish	471
3799	3799	0	Жорстка Платформа-Підкладка для Полірувальних Кругів 75 мм	459
3802	3802	13	Еластичне Покриття для Захисних Плівок (до 18 міс.) Ultimate MATRIX 50 мл	439
3803	3803	13	Квік-Детейлер для Швидкого Прибирання Салону Ultimate Interior Detailer 500 мл	427,429
3810	3810	13	Очисник Шкіри Салону Авто Ultimate Easy Leather 500 мл	428
3813	3813	0	Антиголограмна Полірувальна Паста ZviZZer THERMO Hologram Remover 6000 750 мл	458
3815	3814	13	Безконтактний шампунь PreWashFoam Wp1 концентрат (концентрат 1:9-1:10/1:100) - 1л. Ultimate	415
3816	3816	12	Антиголограмна Полірувальна Паста ZviZZer Fine Cut FC 2000 250 мл	458
3818	3818	0	Нітрилові Рукавиці для Детейлінгу MERCATOR nitrylex black Розмір L (100 шт)	454
3819	3819	12	М’який (антиголограмний) полірувальний круг ZviZZer TRAPEZ , жовтий [soft] 55/20/40	459
3820	3820	12	Поролоновий Полірувальний Круг ZviZZer THERMO Trapez Середньої Жорсткості 80 мм	457,459
3821	3821	13	Захисний крем догляд за шкірою LeatherCream SP8 - 200мл Ultimate	428
3822	3822	11	Gtechniq C5 Wheel Armour – Захисне покриття для колісних дисків - 15мл.	439
3823	3823	13	Автошампунь для ручної мийки авто U-Wash Wh2 (концентрат 1:9-1:100) - 1л. Ultimate	412
3824	3824	13	Універсальний очисник MultiCleaner Ic1 концентрований - 1л Ultimate	427
3825	3825	13	Очисник Клею, Смоли та Слідів Маркера Ultimate Glue Remover SR2 1 л	471,478
3826	3826	13	Очисник-Концентрат 1:6 для Шкіри та Алькантари Ultimate Soft Cleaner 1 л	427
3827	3827	13	Очисник бітуму та смол TarRemower Tr5 - 1л Ultimate	475,478
3828	3828	13	Віск для сушіння авто WaxHiperProtection QP2 - 1л. Ultimate	436
3831	3831	0	Мікрофібра в рулоні 75 X TRICOT FIRST 30 X 30 СМ	446
3832	3832	12	Однокрокова Полірувальна Паста ZviZZer Medium Cut MC 3000 250 мл	458
3833	3833	12	Фінішна Полірувальна Паста ZviZZer Ultrafine Cut UC 1000 250 мл	458
3834	3834	12	Detailing Pad ZviZZer Thermo MICROFIBER Pad, Хутряний пад 160/15/160	459
3835	3835	12	Detailing Pad ZviZZer THERMO Allrounder Pad, Red, червоний, жорсткий 90/20/80	459
3837	3837	12	Абразивна Полірувальна Паста ZviZZer Heavy Cut HC 4000 250 мл	458
3838	3838	12	Полірувальний круг ZviZZer THERMO Pad, green зелений, жорсткий 90/20/80	459
3839	3839	12	Detailing Pad ZviZZer THERMO Allrounder Pad, Green, зелений пад, ультрам’який 140/20/125	459
3840	3840	12	Високоабразивна Полірувальна Паста ZviZZer Pre Cut PC 5000 250 мл	458
3841	3841	12	Detailing Pad ZviZZer Thermo Hybrid Wool Pad, Хутряний пад 160/15/160	459
3842	3842	12	Екстра твердий (екстрарізальний) полірувальний круг ZviZZer STANDARD, синій 80/20/80	459
3843	3843	12	Пад полірувальний Pads 99 SPACE PAD BLUE/HARD синій - 170	459
3844	3844	12	Універсальна Полірувальна Паста One Step ZviZZer One Polish 250 мл	458
3846	3846	0	Посилені Нітрилові Рукавиці з Діамантовою Текстурою PROGRIP DIAMOND BLACK Розмір XL (50 шт)	445
3847	3847	12	Detailing Pad ZviZZer Thermo Velour Wool Pad, Хутряний пад (ексцентрик) - 160/15/160	459
3848	3848	12	Поролоновий Полірувальний Круг ZviZZer THERMO Trapez Ультрам'який Зелений 80 мм	457,459
3850	3850	12	Поролоновий Полірувальний Круг ZviZZer THERMO Trapez Екстражорсткий Синій 80 мм	457,459
3851	3851	12	Поролоновий Полірувальний Круг ZviZZer THERMO Trapez Жорсткий Червоний 150 мм	457,459
3852	3852	12	Thermo Nano Wool Pad, blue Хутряний пад (РОТОР) - 160/25/150	459
3853	3853	12	Detailing Pad ZviZZer THERMO Allrounder, Orange, помаранчевий пад, середньої жорсткості 90/20/80	459
3854	3854	13	Універсальний нанозахист авто QuickProtection Gr0 - 200 мл Ultimate	438
3855	3855	13	Знежирювач поверхонь Degreaser - 1л. Ultimate	478
3856	3856	13	Поліроль для пластику U-DressingPlastic PD7 Ultimate	421
3858	3858	13	Очисник дисків і гуми DiscWasher WС3 (концентрат 1:9) - 5л Ultimate	419
3859	3859	6	Серветка з мікрофібри Ultimate	446
3860	3860	0	Рукавиця для Миття Авто з Мікрофібри Жовта	477
3861	3861	0	Плюшева Щітка з Синтетичної Вовни для Миття Дисків Розмір L	477
3862	3862	11	G1 ClearVision Smart Glass – захисне покриття для скла (антидощ)	473
3863	3863	11	Gtechniq G1 and G4 ClearVision Screen Kit	473
3864	3864	13	Кислотний автошампунь-концентрат 1:90 для ручної мийки Ultimate Acid Shampoo - 1л.	412
3865	3865	13	Кислотний очисник дисків WickedCherry WW5 (концентрат 1:9) - 1л. Ultimate	419
3866	3866	13	Поліроль для пластику салону MattInteriorDressing CD4 - 1л. Ultimate	429
3867	3867	13	Очисник двигуна Encleaner - 1л Ultimate	422
3868	3868	13	Нейтралізотор залишків лужних очисників CleanRinse CR3 (концентрат 1:100-1:50) - 1л. Ultimate	427
3869	3869	13	Очисник дисків з індикацією MetaleX - 1л Ultimate	419,471
3870	3870	13	Нейтралізатор запахів OdorKiller Ok1 - 500 мл Ultimate	431
3871	3871	13	Гель для Чорніння Шин з Сатиновим Ефектом Ultimate BlackBack 1л.	420
3872	3872	13	Очисник скла автомобіля Pure Glass - 1л Ultimate	418
3873	3873	13	Футболка для Детейлера з принтом-надписом "Rotary Color"	455
3874	3874	0	Синя Глина для Глибокого Очищення Кузова Авто 100 г	423
3875	3875	11	Універсальний Очисник (APC) для Салону та Кузова Gtechniq W2 500 мл	427
3876	3876	12	Pads 99 SANDWICH PAD YELLOW/MEDIUM жовтий - 170	459
3877	3877	12	Detailing Pad ZviZZer Thermo Nano Wool Pad, anthrazit, Хутряний пад (РОТОР) 160/25/160	459
3878	3878	12	Detailing Pad ZviZZer THERMO Allrounder Pad, blue, синій, екстражорсткий 140/20/125	459
3879	3879	12	Пад полірувальний Pads 99 SPACE PAD WHITE/SOFT м’який - 90	459
3880	3880	11	Gtechniq Citrus Foam – Шамунь для ручної мийки - 5л.	415
3881	3881	12	М’який (антиголограмний) полірувальний круг ZviZZer STANDARD, жовтий [soft] 90/20/80	459
3882	3882	12	Thermo Wool Pad, blue Хутряний пад на синьому, середньої жорстк термо поролоні (ротор) 160/30/150	459
3883	3883	0	Текстуровані Нітрилові Рукавиці для Детейлінгу MERCATOR GoGrip Green Розмір L (50 шт)	454
3884	3884	0	Щітка-Аплікатор з Підставкою для Чорніння Шин	453
3886	3886	0	Рушник для сушки авто 60×90 (Мікрофібра) - yellow	446
3887	3887	6	Мікрофібра для розполірування Ultimate 400GSM - Grey	446
3888	3888	0	Мікрофібра в рулоні 50шт X-TRICOT FIRST 30X30 СМ	446
3889	3889	12	Екстра твердий (екстра різальний) полірувальний круг ZviZZer TRAPEZ, синій [stable hard]	459
3890	3890	0	Текстуровані Нітрилові Рукавиці для Детейлінгу MERCATOR GoGrip Black Розмір L (50 шт)	454
3891	3891	13	Полімерний Гібридний Спрей-Сілант (до 4 міс.) для Блиску та Гідрофобності Ultimate Quartz Coat TC3 200 мл	438
3892	3892	13	Концентрат Очисника Слідів Комах (Антимошка) 1:10 Ultimate Bug Remover IO4 1 л	474
3893	3893	12	Pads 99 SANDWICH PAD RED/HARD+, червоний - 170	459
3894	3894	13	Безконтактний шампунь Stage Zero - 1л. Ultimate	415
3895	3895	14	Захисний віск Collinite SUPER DOUBLECOAT 476s	437
3896	3896	11	C2 Ceramic Sealant – Захисний силант - 500 мл.	438
3897	3897	11	Gtechniq L1 Leather Guard AB – захисний склад для шкіри - 100 мл.	439
3899	3899	11	Gtechniq I1 Smart Fabric AB — Захисне покриття для текстилю - 250мл.	439
3900	3900	13	Захисне покриття для вікон RainOff (Антидощ) - 100ml Ultimate	473
3901	3901	12	Thermo Microfiber Pad, blue Пад з м-фібр на синьому, середньої жорстк термо поролоні (РОТОР) - 160/30/150	459
3902	3902	0	Двостороння Губка-Скраб для Миття Авто та Видалення Комах DUO	477
3903	3903	12	Detailing Pad ZviZZer THERMO Allrounder Pad, Yellow, жовтий пад, м’який 90/20/80	459
3904	3904	13	Футболка для Детейлера з принтом-надписом "The CarFather" Розмір M	455
3905	3905	13	Футболка для Детейлера з принтом-надписом "Detailing is my Life Style" Розмір M	455
3906	3906	13	Футболка для Детейлера з принтом-надписом "Detail" Розмір M	455
3907	3907	13	Футболка для Детейлера з принтом-надписом "I am Detailer"	455
3908	3908	13	Футболка для Детейлера з принтом-надписом "Real men use Rotary machine" Розмір S	455
3909	3909	11	Очисник Скла "Без Розводів" Gtechniq G6 Perfect Glass 500 мл	418
3910	3910	13	Очисник Вапняного Нальоту та Водного Каменю Ultimate Water Spot Off 500 мл	471,478
3911	3911	11	Квік-Детейлер для Посилення Блиску та Захисту Gtechniq Quick Detailer 250 мл	436
3912	3912	11	Gtechniq C4 Permanent Trim Restorer – захисне покриття для зовнішнього пластику	439
3913	3913	12	Полірувальний круг ZviZZer Thermo All-Rounder pad, blue синій, екстражорсткий 160/20/150	459
3914	3914	0	Рукавиця для Миття Авто з Двох Типів Мікрофібри	477
3915	3915	11	Цитрусовий Очисник-Концентрат (APC) 1:10 для Салону та Кузова Gtechniq W5 500 мл	427
3916	3916	12	Поролоновий Полірувальний Круг ZviZZer THERMO Trapez М'який Жовтий 80 мм	457,459
3917	3917	12	Гібридний Полірувальний Круг на Термо-Поролоні 125 мм	457,459
3918	3918	11	Очисник Дисків та Кузова з Індикатором Металевих Вкраплень Gtechniq W6 500 мл	419
3919	3919	13	Гідрофобний Консервант для Підкапотного Простору Ultimate Motorguard 5 л	422
3920	3920	11	Gtechniq GWash – Шампунь для ручної мийки - 1л.	412
3921	3921	13	Керамічний шампунь Ceramic Shampoo SI02 500 мл Ultimate	412
3922	3922	13	Безконтактний шампунь SafeActive (концентрат 1:8-1:100) - 1л. Ultimate	415
3924	3924	12	Pads 99 TWISTER PAD GREEN зелений	459
3925	3925	13	Спрей-Покриття "Антидощ" для Скла (до 3 міс.) Ultimate Glass Sealant GS2 200 мл	473
3926	3926	13	Гідрофобний Квік-Детейлер для Блиску та Захисту ЛКП Ultimate QS3 500 мл	436
3927	3927	13	Хімстійкий Керамічний Твердий Віск з SiO2 для Зимового Захисту Ultimate Ceramic Wax 30г	437
3929	3929	11	Знежирювач-Антисилікон для Підготовки Поверхонь Gtechniq Panel Wipe 250 мл	478
3930	3930	0	Універсальний Мікрофібровий Аплікатор для Авто Сірий	453
3931	3931	0	Мікрофібровий пад чорно-білий Buff and Shine 135 mm	459
3932	3932	12	Pads 99 SANDWICH PAD ORANGE/HARD, помаранчевий - 170	459
3933	3933	13	Гібридний Спрей-Сілант з Карнаубою (до 3 міс.) для ЛКП та Плівок Ultimate Hybrid Spray Wax HW5 500 мл	438
3934	3934	12	Полірувальний круг ZviZZer THERMO Pad, red червоний, м’який 160/20/150	459
3936	3936	12	Полірувальний пад ZviZZer THERMO Pad white, білий, середньої жорсткості 90/20/80	459
3937	3937	11	Гель для Чорніння Шин та Пластику з Регульованим Блиском Gtechniq T1 250 мл	420
3938	3938	13	Відновлення зовнішнього пластику та гуми GELEOS - 200 мл Ultimate	439
3939	3939	13	Паста-Очисник для Видалення Вапняного Нальоту зі Скла Ultimate Glass Polish Cleaner	418
3940	3940	11	Нейтралізатор Запаху з Антибактеріальним Ефектом Gtechniq I2 Tri-Clean 500 мл	427
3941	3941	0	Очисник-Консервант 1:7 для Текстилю та Алькантари Koch-Chemie Pol Star	427
3943	3943	12	Thermo Microfiber Pad Пад з м-фібри на синьому, середньої жорсткості паролоні (ексц) - 160/20/150	459
3944	3944	12	Pads 99 TWISTER PAD YELLOW/MEDIUM жовтий	459
3945	3945	12	Полірувальний пад ZviZZer All-Rounder pad, green зелений, ультрам’який 140/20/125	459
3946	3946	12	Pads 99 SANDWICH PAD YELLOW/MEDIUM, жовтий	459
3947	3947	13	Абразивна Полірувальна Паста Ultimate Heavy Cut P1500 200мл	458
3949	3949	12	Полірувальний круг Zvizzer Thermo Allrounder Pad green, зелений, жорсткий 160/20150	459
3950	3950	13	Автошампунь для ручної мийки авто NANO SHAMPOO (концентрат 1:200/1:10) - 1 л. Ultimate	412
3951	3951	12	Thermo Microfiber Pad, anthrazit Пад з м-фібри на чорному, м’якому термо поролоні (РОТОР) - 90/30/80	459
3952	3952	12	Pads 99 TWISTER PAD ORANGE/HARD помаранчевий - 170	459
3954	3954	12	Pads 99 CLASSIC PAD BORDEAUX/HARD, бордовий, РОТОР - 170	459
3955	3955	13	Однокрокова Полірувальна Паста Ultimate One Step P3000 200 мл	458
3956	3956	13	Фінішна Паста-Віск для Захисту та Блиску Ultimate Finish Wax 200 мл	458
3957	3957	12	Thermo Microfiber Pad, anthrazit Пад з м-фібри на чорному, м’якому термо поролоні (ексц) 160/20/150	459
3958	3958	12	Pads 99 TWISTER PAD RED/HARD+ червоний	459
3959	3959	12	Pads 99 CLASSIC PAD WHITE/MEDIUM, білий, РОТОР - 170	459
3960	3960	13	Фінішна Полірувальна Паста "Антиголограма" Ultimate Finish Cut Р6000	458
3961	3961	12	Pads 99 SANDWICH PAD GREEN/SOFT, зелений - 170	459
3962	3962	0	Поліуретанова Платформа-Підкладка для Полірувальних Кругів 75 мм	459
3963	3963	0	Набір нейлонових щіток для дриля жовті medium	445,477
3964	3964	12	Полірувальний круг ZviZZer THERMO Pad, black 135/20/125 mm, чорний, м’який	459
3965	3965	0	Кислотостійкий Помповий Розпилювач KWAZAR Venus Super HD Acid 1.5 л	447
3966	3966	0	Набір Жорстких Нейлонових Щіток на Дриль (3 шт) для Чищення Ковроліну	445,477
3967	3967	0	Ультрам'яка Щітка-Пензель для Делікатного Чищення Пилу в Салоні	477
3968	3968	0	Поліуретанова Платформа-Підкладка для Полірувальних Кругів 125 мм	459
3969	3969	11	Поліроль для Всіх Типів Металу та Хрому Gtechniq M1 All Metal Polish	471
3970	3970	12	Ультрам’який (фінішний) полірувальний круг ZviZZer зелений [ultrasoft] 80/20/76STANDARD	459
3971	3971	0	Щітка з Натуральним Кінським Ворсом для Делікатного Чищення Шкіри та Пластику	477
3972	3972	12	Полірувальний круг ZviZZer THERMO Pad, grey Ø135/20/125 mm, сірий, жорсткий	459
3973	3973	0	Серветка Zvizzer з мікрофібри жовта 40*40 cm	446
3974	3974	0	Мікрофібра зелена 40×40 1200GSM Car Wash Microfiber	446
3976	3976	0	Хімстійкий Помповий Розпилювач 360° KWAZAR Venus Super Pro+ 1.5 л	447
3977	3977	0	Хімстійкий Тригер-Розпилювач для Детейлінгу Біло-Синій	447
3979	3979	11	Фірмова Пляшка з Хімстійким Тригером Gtechniq SP2 GS	447
3980	3980	0	Хімстійкий Тригер-Розпилювач для Детейлінгу Сірий	447
3981	3981	0	Пінокомплект (Пінна Насадка) для АВТ Mjjc Cannon Classic	447
3982	3982	0	Рукавиця з Довгим Ворсом з Мікрофібри для Миття Колісних Дисків	477
3983	3983	0	Жорстка Щітка з Натурального Ворсу Tampico для Чищення Дисків 37 см	477
3984	3984	12	Гібридне Керамічне Покриття для ЛКП ZviZZer Paint Ceramic Coat 50 мл	439
3985	3985	0	Квік-Детейлер для Підтримки Покриттів Soft99 Fusso Coat Speed & Barrier 500 мл	436
3986	3986	0	Ультрагідрофобний Твердий Віск для Темних Авто та Металіків Soft99 Water Block Wax 300 г	437
3987	3987	12	Двостороння Мікрофібра для Детейлінгу Zvizzer 40х40 см Помаранчева	447
3988	3988	0	Щітка для Миття Дисків з Довгим Ворсом Vikan	477
3989	3989	0	Гнучка Довга Щітка для Миття Двигуна та Дисків 70 см	477
3990	3990	0	М'яка Щітка з Натурального Ворсу для Дисків Vikan 65x325 мм	477
3991	3991	0	Універсальний Поролоновий Аплікатор для Авто	453
3992	3992	0	Жорстка Щітка з Натурального Ворсу Tampico для Чищення Дисків з Короткою Ручкою	477
3993	3993	0	Щітка для детейлінгу салону (Хімчистки)	435
3994	3994	0	Сітка-сепаратор для відра 20л	448
3995	3995	11	Рушник для сушки авто GTECHNIQ MF4 Diamond Sandwich Drying Towel	446
3996	3996	0	Професійна Щітка з Жорстким Ворсом для Хімчистки Текстилю Vikan 120 мм	477
3997	3997	0	Рукавичка-Аплікатор з Мікрощетиною для Глибокого Чищення Шкіри	477
3998	3998	0	Жорстка Щітка з Ворсом Tampico для Хімчистки Шкіри та Пластику	477
3999	3999	0	Поліуретанова Платформа-Підкладка для Полірувальних Кругів 150 мм	459
4000	4000	11	Gtechniq G5 – захисне покриття для скла (антидощ) 100 мл	473
4001	4001	14	Рідкий віск Collinite Insulator Wax №845	437
4002	4002	12	Графеновий Спрей-Сілант для Максимального Захисту та Блиску ZviZZer Graphene Spray Coat 250 мл	438
4003	4003	11	Gtechniq G5 and G4 Max Repellency Glass Kit – максимум відштовхування	439
4004	4004	0	Мікрофібровий рушник MF2 Zero Scratch	446
4005	4005	11	Рукавиця для Миття Авто з Мікрофібри Gtechniq WM2	477
4006	4006	0	Набір Детейлінг-Пензлів з Натурального Ворсу	466
4007	4007	0	Ручний Помповий Розпилювач-Пінник 2-в-1 Hand Foam Sprayer 2 л Чорний	447
4008	4008	0	Ручний Помповий Розпилювач-Пінник 2-в-1 Hand Foam Sprayer 2 л	447
4010	4010	0	Професійний Пінокомплект (Пінна Насадка) для АВТ Mjjc Cannon Pro	447
4011	4011	0	Щітка Середньої Жорсткості для Глибокого Чищення Дисків та Шин	477
4012	4012	12	Графенове Керамічне Покриття для ЛКП ZviZZer Graphene Ceramic Coat 50 мл	439
4013	4013	0	Керамічне покриття 3D Ceramic Coating 30ml	439
4014	4014	11	Супергідрофобне Верхнє Покриття для Кераміки Gtechniq EXOv5 50 мл	439
4015	4015	0	Синтетичний Твердий Віск для Глянцевого Блиску Світлих Авто Soft99 The King of Gloss 300 г	437
4016	4016	0	Твердий Віск для Дзеркального Блиску Темних Авто Soft99 Fusso Coat Mirror Shine 200 г	437
4017	4017	0	Glaco Roll on Large – антидощ для стекол	473
4018	4018	0	Синтетичний Твердий Віск для Глянцевого Блиску Темних Авто Soft99 The King of Gloss 300 г	437
4019	4019	0	Glaco QSOFT99 – очищувач та антидощ в одному флаконі	473
4020	4020	0	Апарат для Хімчистки Tornador Z-030 на Підшипниках	462,463
4021	4021	0	Міні Акумуляторна Полірувальна Машинка Liquid Elements A800 Pico	457,461
4022	4022	0	Пневматичний Пістолет для Продувки з Гумовим Носиком Air Blow Gun	462,463
4023	4023	0	Професійний Миючий Пилосос-Екстрактор з Підігрівом Води ANAFOR 12/17 PRO	462
4024	4024	11	Засіб для Чорніння Шин з Регульованим Блиском Gtechniq T2 250 мл	420
4026	4026	0	Термостійкий 120°C Малярний Скотч SOTRO Gold 36 мм х 45 м	454
4028	4028	0	Гель-Очисник для Видалення Водного Каменю та Плям 3D Eraser Gel 500 мл	471
4029	4029	0	Гель для Чорніння Шин з "Мокрим" Ефектом Meguiar's Endurance Tire Gel 473 мл	420
4030	4030	11	Поліроль для Глибокого Очищення Скла Gtechniq G4 100 мл	418
4031	4031	11	Антибактеріальне Покриття для Матового Пластику Салону Gtechniq C6 Matte Dash AB 100 мл	429
4032	4032	15	Засіб для Виведення Плям зі Шкіри Furniture Clinic Leather Stain Remover	428
4033	4033	0	Тонка Поліуретанова Платформа-Підкладка для Полірувальних Кругів 150 мм	459
4035	4035	12	Ультрам’який (фінішний) полірувальний круг ZviZZer STANDARD, зелений [ultrasoft] 150/20/140	459
4036	4036	13	Професійне Керамічне Покриття 10H для ЛКП Ultimate QUANTUM 50 мл	439
4037	4037	0	Високоабразивна Полірувальна Паста Meguiar’s Ultra-Cut Compound 946 мл	458
4038	4038	6	Лосьйон-Реставратор для Зовнішнього Пластику та Тріму Meguiar's Ultimate Black 355 мл	421
4039	4039	13	Набір для Догляду за Шкіряним Салоном Авто Ultimate Leather Care Kit	466
4040	4040	0	Твердий Віск для Дзеркального Блиску Світлих Авто Soft99 Fusso Coat Mirror Shine 200 г	437
4041	4041	0	Абразивна Паста для Глибокого Очищення Скла Soft99 Glass Compound Z	418
4042	4042	0	Glaco Ultra – антидощ тривалої дії	473
4044	4044	11	Багатоцільовий Аплікатор для Шин, Шкіри та Пластику Gtechniq AP4	453
4047	4047	0	Засіб для чорніння пластика – Meguiar’s Ultimate Protectant Dash & Trim Restorer 355 мл	439
4048	4048	0	Термостійкий 120°C Малярний Скотч SOTRO Gold 24 мм х 45 м	454
4049	4049	11	Очисник 2-в-1 для Бітуму та Клею Gtechniq W7 Tar & Glue Remover 500 мл	475
4050	4050	0	Поліроль для Скла на Основі Оксиду Церію 3D Glass Polish	458
4051	4051	0	Синтетичний Твердий Віск для Максимального Блиску Meguiar's Ultimate Paste Wax 226 г	437
4052	4052	0	Гібридний Керамічний Рідкий Віск з SiO2 для Тривалого Захисту Meguiar's Hybrid Ceramic Liquid Wax 473 мл	437
4053	4053	15	Кондиціонер-Пом'якшувач для Відновлення Шкіри Furniture Clinic Leather Revive 250 мл	428
4054	4054	15	Захисний Крем-Кондиціонер для Шкіри Furniture Clinic Leather Protection Cream	428
4057	4057	13	Набір для Скла 2-в-1: Паста-Очисник та Покриття "Антидощ" Ultimate Glass Protect 100 мл	418,473
4058	4058	0	Карнаубський Твердий Віск-Паста для Глибокого Блиску Meguiar's Gold Class Carnauba Plus 311 г	437
4059	4059	0	Ультрафінішна Полірувальна Паста Meguiar’s Ultra Pro Finishing Polish 946 мл	458
4061	4061	12	Абразивна Полірувальна Паста ZviZZer THERMO Heavy Cut 1500 750 мл	458
4065	4065	0	Гібридний Керамічний Спрей-Сілант для Мокрого Нанесення Meguiar's Hybrid Ceramic Wax 768 мл	438
4066	4066	0	Полірувальна Паста для Твердих Лаків Meguiar’s Foam-Cut Compound 946 мл	458
4067	4067	0	Засіб для Догляду за Шкірою з Ефектом Просочення Koch-Chemie Leather Star	428
4068	4068	0	Синтетичний Квік-Детейлер з Воском для Гідрофобного Блиску Meguiar's Ultimate Quik Wax 473 мл	436,438
4071	4071	0	Абразивна Полірувальна Паста для Кузовних Робіт 3D AAT 501 Cutting Compound	458
4072	4072	12	Однокрокова Полірувальна Паста ZviZZer THERMO One Step 3000 750 мл	458
4073	4073	13	Бальзам для Догляду за Шкірою Салону Ultimate Leather Balsam 200 мл	428
4074	4074	0	Ультрафінішна Полірувальна Паста Meguiar’s Ultra Finishing Polish 946 мл	458
4075	4075	0	Високоабразивна Полірувальна Паста для Роторних Машинок 3D ACA 500 X-Tra Cut Compound	458
4076	4076	0	Універсальна Полірувальна Паста Meguiar’s Pro Speed Compound 946 мл	458
4077	4077	0	Абразивна Полірувальна Паста для Твердих Лаків 3D ACA 510 Premium Rubbing Compound	458
4079	4079	0	Текстуровані Нітрилові Рукавиці для Детейлінгу MERCATOR GoGrip Black Розмір XL (50 шт)	454
4080	4080	0	Текстуровані Нітрилові Рукавиці для Детейлінгу MERCATOR GoGrip Green Розмір XL (50 шт)	454
4081	4081	0	Посилені Нітрилові Рукавиці з Діамантовою Текстурою PROGRIP DIAMOND BLACK Розмір L (50 шт)	454
4082	4082	0	Нітрилові Рукавиці для Детейлінгу MERCATOR nitrylex black Розмір XL (100 шт)	454
4083	4083	13	Футболка для Детейлера з принтом-надписом "Real men use Rotary machine" Розмір XL	455
4084	4084	13	Футболка для Детейлера з принтом-надписом "Real men use Rotary machine" Розмір L	455
4085	4085	13	Футболка для Детейлера з принтом-надписом "Real men use Rotary machine" Розмір M	455
4086	4086	13	Футболка для Детейлера з принтом-надписом "Rotary Color" Розмір XL	455
4087	4087	13	Футболка для Детейлера з принтом-надписом "Rotary Color" Розмір L	455
4088	4088	13	Футболка для Детейлера з принтом-надписом "Rotary Color" Розмір M	455
4089	4089	13	Футболка для Детейлера з принтом-надписом "The CarFather" Розмір S	455
4090	4090	13	Футболка для Детейлера з принтом-надписом "The CarFather" Розмір XL	455
4091	4091	13	Футболка для Детейлера з принтом-надписом "The CarFather" Розмір L	455
4092	4092	13	Футболка для Детейлера з принтом-надписом "Detail" Розмір S	455
4093	4093	13	Футболка для Детейлера з принтом-надписом "Detail" Розмір XL	455
4094	4094	13	Футболка для Детейлера з принтом-надписом "Detail" Розмір L	455
4095	4095	13	Футболка для Детейлера з принтом-надписом "I am Detailer" Розмір S	455
4096	4096	13	Футболка для Детейлера з принтом-надписом "I am Detailer" Розмір XL	455
4097	4097	13	Футболка для Детейлера з принтом-надписом "I am Detailer" Розмір L	455
4098	4098	13	Футболка для Детейлера з принтом-надписом "Detailing is my Life Style" Розмір S	455
4099	4099	13	Футболка для Детейлера з принтом-надписом "Detailing is my Life Style" Розмір XL	455
4100	4100	13	Футболка для Детейлера з принтом-надписом "Detailing is my Life Style" Розмір L	455
4103	4103	0	Віск для сушки &quot;Apricot&quot; 1:100 20 л	NULL
4104	4104	0	Віск для сушки &quot;Apricot&quot; 5л	NULL
4110	4110	12	Detailing Pad ZviZZer THERMO Allrounder Pad, blue, синій, екстражорсткий - 90/20/80	459
4111	4111	12	Pads 99 TWISTER PAD RED/HARD+ червоний - 140	459
4112	4112	12	Pads 99 TWISTER PAD RED/HARD+ червоний - 90	459
4113	4113	12	Pads 99 TWISTER PAD ORANGE/HARD помаранчевий - 140	459
4114	4114	12	Pads 99 TWISTER PAD ORANGE/HARD помаранчевий - 90	459
4115	4115	12	Pads 99 TWISTER PAD YELLOW/MEDIUM жовтий - 140	459
4116	4116	12	Pads 99 TWISTER PAD YELLOW/MEDIUM жовтий - 90	459
4117	4117	12	Pads 99 TWISTER PAD GREEN зелений - 140	459
4118	4118	12	Pads 99 TWISTER PAD GREEN зелений - 90	459
4119	4119	12	Pads 99 SANDWICH PAD GREEN/SOFT, зелений - 140	459
4120	4120	12	Pads 99 SANDWICH PAD GREEN/SOFT, зелений - 90	459
4121	4121	12	Pads 99 CLASSIC PAD WHITE/MEDIUM, білий, РОТОР - 140	459
4122	4122	12	Pads 99 CLASSIC PAD WHITE/MEDIUM, білий, РОТОР - 90	459
4123	4123	12	Pads 99 CLASSIC PAD BORDEAUX/HARD, бордовий, РОТОР - 140	459
4124	4124	12	Pads 99 CLASSIC PAD BORDEAUX/HARD, бордовий, РОТОР - 90	459
4125	4125	12	Pads 99 SANDWICH PAD YELLOW/MEDIUM, жовтий - 140	459
4126	4126	12	Pads 99 SANDWICH PAD YELLOW/MEDIUM, жовтий - 90	459
4127	4127	12	Pads 99 SANDWICH PAD ORANGE/HARD, помаранчевий - 140	459
4128	4128	12	Pads 99 SANDWICH PAD ORANGE/HARD, помаранчевий - 90	459
4129	4129	12	Pads 99 SANDWICH PAD RED/HARD+, червоний - 140	459
4130	4130	12	Pads 99 SANDWICH PAD RED/HARD+, червоний - 90	459
4131	4131	12	Pads 99 SANDWICH PAD YELLOW/MEDIUM жовтий - 140	459
4132	4132	12	Pads 99 SANDWICH PAD YELLOW/MEDIUM жовтий - 90	459
4133	4133	12	Пад полірувальний Pads 99 SPACE PAD BLUE/HARD синій - 140	459
4134	4134	12	Пад полірувальний Pads 99 SPACE PAD BLUE/HARD синій - 90	459
4135	4135	12	Detailing Pad ZviZZer THERMO Allrounder Pad, Yellow, жовтий пад, м'який - 140/20/125	459
4136	4136	12	Detailing Pad ZviZZer THERMO Allrounder Pad, Red, червоний, жорсткий - 140/20/125	459
4137	4137	12	Detailing Pad ZviZZer THERMO Allrounder, Orange, помаранчевий пад, середньої жорсткості - 140/20/125	459
4138	4138	12	Detailing Pad ZviZZer THERMO Allrounder Pad, blue, синій, екстражорсткий - 160/20/150	459
4139	4139	12	Detailing Pad ZviZZer Thermo Hybrid Wool Pad, Хутряний пад - 80/15/80	459
4140	4140	12	Detailing Pad ZviZZer Thermo Nano Wool Pad, anthrazit, Хутряний пад (РОТОР) - 80/25/80	459
4141	4141	12	Detailing Pad ZviZZer Thermo MICROFIBER Pad, Хутряний пад - 80/15/80	459
4142	4142	12	Поролоновий Полірувальний Круг ZviZZer THERMO Trapez Жорсткий Червоний 80 мм	457,459
4143	4143	12	Detailing Pad ZviZZer Thermo Nano Wool Pad, anthrazit, Хутряний пад (РОТОР) - 130/25/130	459
4144	4144	12	Detailing Pad ZviZZer Thermo MICROFIBER Pad, Хутряний пад - 130/15/130	459
4145	4145	12	Поролоновий Полірувальний Круг ZviZZer THERMO Trapez М'який Жовтий 150 мм	457,459
4146	4146	12	Поролоновий Полірувальний Круг ZviZZer THERMO Trapez М'який Жовтий 150 мм	457,459
4147	4147	12	Detailing Pad ZviZZer Thermo Velour Wool Pad, Хутряний пад (ексцентрик) - 80/15/80	459
4148	4148	12	Detailing Pad ZviZZer Thermo Velour Wool Pad, Хутряний пад (ексцентрик) - 130/15/130	459
4149	4149	12	Поролоновий Полірувальний Круг ZviZZer THERMO Trapez Екстражорсткий Синій 160/20/150 мм	457,459
4150	4150	12	Поролоновий Полірувальний Круг ZviZZer THERMO Trapez Екстражорсткий Синій 140/20/125 мм	457,459
4151	4151	12	Поролоновий Полірувальний Круг ZviZZer THERMO Trapez Ультрам'який Зелений 125 мм	457,459
4152	4152	12	Поролоновий Полірувальний Круг ZviZZer THERMO Trapez Ультрам'який Зелений 150 мм	457,459
4153	4153	12	Thermo Nano Wool Pad, blue Хутряний пад (РОТОР) - 90/25/76	459
4154	4154	12	Thermo Nano Wool Pad, blue Хутряний пад (РОТОР) - 140/25/125	459
4155	4155	12	Поролоновий Полірувальний Круг ZviZZer THERMO Trapez Середньої Жорсткості Помаранчевий 150 мм	457,459
4156	4156	12	Поролоновий Полірувальний Круг ZviZZer THERMO Trapez Середньої Жорсткості Помаранчевий 150 мм	457,459
4157	4157	12	Поролоновий Полірувальний Круг ZviZZer THERMO Trapez Жорсткий Червоний 150 мм	457,459
4158	4158	0	Гібридний Полірувальний Круг на Термо-Поролоні 76 мм	457,459
4159	4159	12	Полірувальний пад ZviZZer THERMO Pad white, білий, середньої жорсткості - 160/20/150	459
4160	4160	12	Полірувальний круг Thermo Wool Pad, anthrazit Хутряний пад на чорному, м'якому термо поролоні (РОТОР) - 90/30/80	459
4161	4161	12	Thermo Microfiber Pad, anthrazit Пад з м-фібри на чорному, м'якому термо поролоні (ексц) - 90/20/80	459
4162	4162	0	Thermo Microfiber Pad Пад з м-фібри на синьому, середньої жорсткості паролоні (ексц) - 90/20/80	459
4166	4166	12	Полірувальний пад ZviZZer Thermo All-Rounder pad, blue синій, екстражорсткий - 90/20/80	459
4167	4167	12	Полірувальний пад ZviZZer All-Rounder pad, синій, екстражорсткий - 160/20/150	459
4168	4168	12	Полірувальний круг ZviZZer THERMO Pad, red червоний, м'який - 90/20/80	459
4169	4169	12	Полірувальний круг ZviZZer THERMO Pad, red червоний, м'який - 140/20/125	459
4170	4170	12	Detailing Pad ZviZZer Thermo Hybrid Wool Pad, Хутряний пад - 130/15/130	459
4171	4171	12	Полірувальний пад ZviZZer All-Rounder pad, синій, екстражорсткий - 140/20/125	459
4172	4172	0	Мікрофібровий пад чорно-білий Buff and Shine - 80mm	459
4173	4173	12	Thermo Microfiber Pad, green Пад з м-фібр на зеленому, жорсткому термо поролоні (ексцентрик) - 90/20/80	459
4174	4174	12	Thermo Microfiber Pad, blue Пад з м-фібр на синьому, середньої жорстк термо поролоні (РОТОР) - 90/30/80	459
4176	4176	12	Thermo Wool Pad, blue Хутряний пад на синьому, середньої жорстк термо поролоні (ротор) - 90/30/80	459
4177	4177	12	Thermo Microfiber Pad, green Пад з м-фібри на зеленому, жорсткому термо поролоні (РОТОР) - 90/30/80	459
4178	4178	12	Thermo Microfiber Pad, green Пад з м-фібри на зеленому, жорсткому термо поролоні (РОТОР) - 140/30/125	459
4181	4181	12	Thermo Wool Pad, blue Хутряний пад на синьому, середньої жорстк термо поролоні (ротор) - 140/30/125	459
4182	4182	12	Thermo Microfiber Pad, anthrazit Пад з м-фібри на чорному, м'якому термо поролоні (РОТОР) - 140/30/125	459
4184	4184	12	М'який (антиголограмний) полірувальний круг ZviZZer TRAPEZ , жовтий [soft] - 40/20/30	459
4187	4187	12	Універсальна Полірувальна Паста One Step ZviZZer One Polish 750 мл	458
4188	4188	12	Високоабразивна Полірувальна Паста ZviZZer Pre Cut PC 5000 750 мл	458
4189	4189	12	Абразивна Полірувальна Паста ZviZZer Heavy Cut HC 4000 750 мл	458
4190	4190	12	Однокрокова Полірувальна Паста ZviZZer Medium Cut MC 3000 750 мл	458
4191	4191	12	Антиголограмна Полірувальна Паста ZviZZer Fine Cut FC 2000 750 мл	458
4192	4192	12	Фінішна Полірувальна Паста ZviZZer Ultrafine Cut UC 1000 750 мл	458
4193	4193	12	Полірувальний круг ZviZZer THERMO Pad, green зелений, жорсткий - 160/20/150	459
4194	4194	12	Полірувальний круг ZviZZer THERMO Pad, green 135/20/125 mm, зелений, жорсткий	459
4196	4196	12	М'який (антиголограмний) полірувальний круг ZviZZer TRAPEZ , жовтий [soft] - 95/25/80	459
4197	4197	12	М'який (антиголограмний) полірувальний круг ZviZZer TRAPEZ , жовтий [soft] - 165/25/150	459
4200	4200	12	Пад полірувальний Pads 99 SPACE PAD WHITE/SOFT м'який - 170	459
4201	4201	12	Пад полірувальний Pads 99 SPACE PAD WHITE/SOFT м'який - 140	459
4206	4206	12	Полірувальний пад ZviZZer THERMO Rotary Pad, green Ø 80/20/76 mm, зелений, жорсткий	459
4207	4207	12	Полірувальний пад ZviZZer THERMO Rotary Pad, blue Ø 80/20/76 mm, синій, середньої жорсткості	459
4208	4208	12	Полірувальний пад ZviZZer THERMO Rotary Pad, red Ø160/20/150 mm, червоний, м'який	459
4212	4212	12	Полірувальний пад ZviZZer THERMO Rotary Pad, green Ø 160/20/150 mm, зелений, жорсткий	459
4213	4213	0	Рушник з мікрофібри жовтий 30х40 (600 GSM)	446
4215	4215	13	Концентрат Очисника Слідів Комах (Антимошка) 1:10 Ultimate Bug Remover IO4 5 л	474
4216	4216	11	Gtechniq GWash - Шампунь для ручної мийки - 500 мл.	412
4217	4217	11	Gtechniq Citrus Foam - Шамунь для ручної мийки - 1л.	415
4218	4218	13	Полімерний Гібридний Спрей-Сілант (до 4 міс.) для Блиску та Гідрофобності Ultimate Quartz Coat TC3 500 мл	438
4221	4221	11	Універсальний Очисник (APC) для Салону та Кузова Gtechniq W2 5 л	427
4222	4222	11	Цитрусовий Очисник-Концентрат (APC) 1:10 для Салону та Кузова Gtechniq W5 5 л	427
4223	4223	11	Нейтралізатор Запаху з Антибактеріальним Ефектом Gtechniq I2 Tri-Clean 5 л	427
4224	4224	11	Антибактеріальний Захисний Склад для Шкіри Gtechniq L1 Leather Guard AB 500 мл	439
4225	4225	11	Антибактеріальне Гідрофобне Покриття для Тканини Gtechniq I1 Smart Fabric 500 мл	439
4226	4226	11	Кварцовий Спрей-Сілант для Всіх Поверхонь (до 4 міс.) Gtechniq C2 Liquid Crystal 250 мл	435,438
4228	4228	11	Gtechniq G1 and G4 ClearVision Screen Kit - 100/100 мл	473
4229	4229	11	Покриття "Антидощ" для Скла Gtechniq G1 ClearVision Smart Glass 100 мл	473
4230	4230	11	Керамічне Покриття для Колісних Дисків Gtechniq C5 Wheel Armour 30 мл	439
4231	4231	11	Керамічне покриття Gtechniq Crystal Serum Ultra	NULL
4232	4232	0	Жовта Глина для Глибокого Очищення Кузова Авто	423
4233	4233	11	Знежирювач-Антисилікон для Підготовки Поверхонь Gtechniq Panel Wipe 500 мл	478
4234	4234	11	Засіб для Видалення Водного Каменю та Плям Gtechniq W9 Water Spot Remover 500 мл	471,478
4235	4235	11	Квік-Детейлер для Посилення Блиску та Захисту Gtechniq Quick Detailer 500 мл	436
4236	4236	11	Гель для Чорніння Шин та Пластику з Регульованим Блиском Gtechniq T1 1 л	420
4237	4237	11	Очисник Дисків та Кузова з Індикатором Металевих Вкраплень Gtechniq W6 5 л	419
4239	4239	11	Керамічне Покриття-Реставратор для Зовнішнього Пластику Gtechniq C4 30 мл	439
4240	4240	11	Очисник Скла "Без Розводів" Gtechniq G6 Perfect Glass 5 л	418
4243	4243	0	Рукавиця для Миття Авто з Мікрофібри Чорна	477
4248	4248	0	Мідна Щітка для Глибокого Чищення Шин	477
4249	4249	0	Мікрофібра в рулоні 50шт X-TRICOT FIRST 30X30 СМ - Yellow	446
4250	4250	6	Мікрофібра для розполірування Ultimate 400GSM - Yellow	446
4251	4251	6	Мікрофібра для розполірування Ultimate 400GSM - green	446
4252	4252	6	Серветка з мікрофібри Ultimate - Yellow 38*38 см	446
4253	4253	0	Універсальний Мікрофібровий Аплікатор для Авто Жовтий	453
4254	4254	0	Універсальний Мікрофібровий Аплікатор для Авто Червоний	453
4255	4255	0	Мікрофібра в рулоні 75 X TRICOT FIRST 30 X 30 СМ - grey	446
4256	4256	0	Мікрофібра в рулоні 75 X TRICOT FIRST 30 X 30 СМ - Yellow	446
4257	4257	0	Губка для авто DUO з шаром від комах - red	NULL
4258	4258	0	Мікрофібра в рулоні 75 X TRICOT FIRST 30 X 30 СМ - green	446
4259	4259	0	Мікрофібра в рулоні 75 X TRICOT FIRST 30 X 30 СМ - red	446
4260	4260	6	Серветка з мікрофібри Ultimate - green 38*38 см	446
4261	4261	6	Мікрофібра для розполірування Ultimate 400GSM - red	446
4262	4262	6	Мікрофібра для розполірування Ultimate 400GSM - Black	446
4263	4263	0	Рушник для сушки авто 60x90 (Мікрофібра) - grey	446
4264	4264	0	Щітка з М'яким Ворсом для Делікатного Миття Коліс	477
4266	4266	0	Щітка з Мікрофібри для Миття Дисків з Короткою Ручкою	477
4272	4272	0	Плюшева Щітка з Синтетичної Вовни для Миття Дисків Розмір S	477
4273	4273	0	Плюшева Щітка з Синтетичної Вовни для Миття Дисків Розмір M	477
4274	4274	0	Тригер-Розпилювач для Пляшок з Хімією Чорний	447
4275	4275	0	Щітка з Натуральним Ворсом та Ергономічною Ручкою для Салону	477
4276	4276	0	Квадратний Поролоновий Аплікатор для Чорніння Шин	453
4277	4277	0	Поролоновий Аплікатор для Детейлінгу Синій	423
4278	4278	0	Набір Детейлінг-Пензлів (5 шт) Чорні CDLB	466
4279	4279	0	Щітка Середньої Жорсткості для Чищення Дисків Чорна	477
4281	4281	0	Ультрам'яка Щітка-Пензель для Пилу та Глянцевих Поверхонь в Салоні Ultra Soft	477
4289	4289	13	Гідрофобний Консервант для Підкапотного Простору Ultimate Motorguard 500 мл	422
4291	4291	13	Абразивна Полірувальна Паста Ultimate Heavy Cut P1500 1 л	458
4292	4292	13	Сумка брендована Ultimate Blaack	NULL
4293	4293	13	Однокрокова Полірувальна Паста Ultimate One Step P3000 1 л	458
4294	4294	13	Фінішна Полірувальна Паста "Антиголограма" Ultimate Finish Cut Р6000 1 л	458
4295	4295	13	Автошампунь для ручної мийки авто NANO SHAMPOO - 5 л Ultimate	412
4296	4296	13	Хімстійкий Керамічний Твердий Віск з SiO2 для Зимового Захисту Ultimate Ceramic Wax 50 г	437
4297	4297	13	Крем-Молочко для Догляду за Шкірою Салону Ultimate Leather Cream SP8 500 мл	428
4298	4298	13	Безконтактний шампунь SafeActive - 5л. Ultimate	415
4299	4299	13	Безконтактний шампунь Stage Zero - 5л. Ultimate	415
4300	4300	13	Безконтактний шампунь PreWashFoam Wp1 концентрат - 5л. Ultimate	415
4301	4301	13	Рідкий Віск-Консервант для Сушіння Авто (Концентрат 1:200) Ultimate Wax Hiper Protection QP2 5 л	436
4302	4302	13	Універсальний Очисник-Концентрат 1:20 для Хімчистки Салону Ultimate MultiCleaner IC1 20 л	427
4303	4303	13	Універсальний Очисник-Концентрат 1:20 для Хімчистки Салону Ultimate MultiCleaner IC1 5 л	427
4304	4304	13	Універсальний Нано-Сілант Спрей для Всіх Зовнішніх Поверхонь Ultimate Quick Protection Gr0 500 мл	438
4306	4306	13	Крем-Молочко для Догляду за Шкірою Салону Ultimate Leather Cream SP8 1 л	428
4307	4307	13	Нейтралізатор Органічних Запахів для Салону Ultimate Odor Killer Ok1 1 л	431
4308	4308	13	Знежирювач Поверхонь для Підготовки перед Нанесенням Покриттів Ultimate Degreaser 5 л	478
4309	4309	13	Очисник Скла &quot;Без Розводів&quot; Ultimate Pure Glass 5 л	418
4310	4310	13	Кислотний Очисник Колісних Дисків для Стійких Забруднень Ultimate Wicked Cherry WW5 5 л	419
4311	4311	13	Очисник двигуна СleanEngine WM7 - 5л. Ultimate	422
4312	4312	13	Гелевий Очисник Дисків та Кузова з Індикатором Металевих Вкраплень Ultimate MetaleX 5л	419
4313	4313	13	Очисник Бітуму та Смол Ultimate Tar Remover 5 л	475,478
4315	4315	13	Гель для Чорніння Шин з Сатиновим Ефектом Ultimate BlackBack 5л	420
4316	4316	13	Очисник-Концентрат 1:6 для Шкіри та Алькантари Ultimate Soft Cleaner 5 л	427
4317	4317	13	Кислотний автошампунь-концентрат 1:90 для ручної мийки Ultimate Acid Shampoo - 5л.	412
4318	4318	13	 Автошампунь для ручної мийки авто U-Wash Wh2 - 20л. Ultimate	412
4319	4319	13	Автошампунь для ручної мийки авто U-Wash Wh2 - 5л. Ultimate	412
4320	4320	13	Безконтактний шампунь PreWashFoam Wp1 концентрат - 20л. Ultimate	415
4321	WC00301	13	Універсальний Очисник-Концентрат 1:9 для Дисків та Шин Ultimate Wheel Washer 1л	419,420
4322	3685	0	Фірмова Пляшка з Розміткою для Розведення Хімії 3D 950 мл	447
4323	M16_EU	16	Ексцентрикова Полірувальна Машинка (хід 15 мм) Liquid Elements T4200	457,461
4324	M18	16	Ексцентрикова Полірувальна Машинка (хід 21 мм) Liquid Elements T5200	457,461
4325	Z34	16	Набір для Мийки: Відро 20 л, Сепаратор та Кришка Liquid Elements "Карбон"	445,448
4326	Z111	16	Набір для Мийки: Відро 20 л, Сепаратор та Кришка Liquid Elements "Вольт"	445,448
4327	Z41	16	Полірувальна Платформа-Підошва для Машинок Liquid Elements 75 мм	457,459
4328	PC2_03_gelb	16	Полірувальний Круг Середньої Жорсткості Liquid Elements Centriforce V2 Жовтий 75 мм	457,459
4329	PC2_03_rot	16	Жорсткий Полірувальний Круг Liquid Elements Centriforce V2 Червоний 75 мм	459
4330	PC2_03_gruen	16	М'який Полірувальний Круг Liquid Elements Centriforce V2 Зелений 75 мм	457,459
4331	PC2_02_gruen	16	М'який Полірувальний Круг Liquid Elements Centriforce V2 Зелений 125 мм	457,459
4332	PC2_02_gelb	16	Полірувальний Круг Середньої Жорсткості Liquid Elements Centriforce V2 Жовтий 125 мм	457,459
4333	PC2_02_rot	16	Жорсткий Полірувальний Круг Liquid Elements Centriforce V2 Червоний 125 мм	457,459
4334	BFS01000	6	Латунний Пінокомплект з Мірною Шкалою для Мінімийок АВТ 1 л	445,447
4335	TRDZ020	6	Апарат для Хімчистки Tornador Z-020 на Трьох Підшипниках (без бака)	462,463
4337	SHWG01812	6	Крупнопориста Губка для Миття Автомобіля Графіт 18x12x8 см	445,453
4338	OHP0050	13	Гібридне супергідрофобне захисне покриття Ultimate ONYX 50 мл	435,439
4339	MFAB002200	6	Універсальний Мікрофібровий Аплікатор для Авто Голубий	445,453
4340	MFY30040	6	Універсальна Серветка з Мікрофібри 300GSM Жовта 40x40 см	445,446
4341	MFR30040	6	Універсальна Серветка з Мікрофібри 300GSM Червона 40x40 см	445,446
4342	MFGR30040	6	Універсальна Серветка з Мікрофібри 300GSM Зелена 40x40 см	445,446
4343	MFBL30040	6	Універсальна Серветка з Мікрофібри 300GSM Голуба 40x40 см	445,446
4344	TSU001500	6	Турбосушка ручна Ultimate Turbo Gun	462,463
4345	SGU0200	13	Очисник скла з ефектом антидощ Slick Glass 200мл	470,473
4346	MF690205	6	Мікрофібри в коробках синьо-сірого кольору 38 x 38 см (50шт)	445,446
4347	MF690204	6	Мікрофібри в коробках синьо-сірого кольору 30 x 30 см (50шт)	445,446
4348	TRM0001	6	Міні Торнадор Palm Gun mini	462,463
4349	CDWM0200	6	Візок для відра з лотками на колесах для ручної мийки авто Palm	445,448
4350	410R	6	Пляшка HDPE чорна 28/410 об'ємом 1л	445,447
4351	DEF00500	13	Засіб для швидкого розморожування скла DEFROSTER 500мл	424,470
4352	UDB0005	6	Універсальний Набір пензликів для детейлінгу Штучний ворс 5 шт	445,477
