412	469	Шампуни для ручной мойки	Шампуни для ручной мойки
415	469	Пена для мойки авто	Активная пена
418	470	Очистители стекол	Очистители стекол
419	472	Очистители дисков	Очистители дисков
420	472	Очистители шин	Очистители шин
421	472	Чернители шин	Чернители шин
422	468	Очистители двигателя	Очистители двигателя
423	471	Глина для авто	Глина и автоскрабы
424	470	Омыватель стекла зимний	Омыватели
425	0	Химчистка салона авто	Уход за интерьером
427	425	Химия для чистки салона	Средства для химчистки салона
428	425	Средства для кожи	Средства для кожи
429	425	Полироли для пластика	Полироли для пластика
431	425	Нейтрализаторы запаха	Нейтрализаторы запаха
434	425	Пятновыводители	Пятновыводители
435	0	Полимер для авто	Защитные покрытия
436	435	Холодный воск для автомобиля	Квик-детейлеры
437	476	Твёрдые воски	Твердый воск
438	435	Силанты для авто	Силанти
439	435	Жидкое стекло для автомобилей	Керамика и жидкое стекло
445	0	Аксессуары для мойки авто	Аксессуары
446	445	Микрофибра для авто	Микрофибра и тряпки
447	445	Пенообразователи для мойки	Распылители и пенники
448	445	Вёдра и ёмкости	Ведра и емкости
453	445	Губки и варежки для мойки	Губки и варежки
454	445	Малярный скотч	Малярный скотч
455	445		Мерч
456	476	Жидкие воски	Жидкий воск
457	0	Полировка авто	Полировка
458	457	Полировочная паста	Полировальные пасты
459	457	Полировальные круги	Полировальные круги
461	457	Полировальные машинки	Полировальные машинки
462	0	Оборудование для химчистки авто	Оборудование
463	462	Аппараты Торнадор	Аппараты Tornador
466	445	Наборы для авто	Наборы
467	0		SALE
468	0	Химия для мойки авто	Мойка и Экстерьер
469	468	Автошампуни	Автошампуни
470	468	Средства для стекол	Средства для стекол
471	468	Очистители кузова	Очистители кузова
472	468	Средства для дисков и шин	Средства для дисков и шин
473	470	Антидождь для стекол	Антидождь
474	471	Очистители от насекомых	Антимошка
475	471	Антибитумные средства	Антибитум
476	435	Воски для авто	Воски
477	445		Щетки и кисти
478	471	Обезжириватели для авто	Обезжириватели
479	469		Кислотные шампуни
480	471	Восстановители пластика	Уход за наружным пластиком
481	472	Защитное покрытие для дисков	Керамика для дисков
482	446		Тряпка для авто
483	446		Тряпка для сушки авто
484	446		Микрофибра для стекол
485	445	Аппликаторы и губки для нанесения	Аксессуары для нанесения средств
486	466		Наборы для мойки
487	466		Наборы для салона
488	466		Подарочные наборы
489	461	Аккумуляторные полировальные машинки	Аккумуляторные машинки
490	459	Меховые полировальные круги	Меховые круги
491	428	Уход за кожей авто	Уход за кожей
492	428	Очистители кожи	Очистители кожи
494	477	Щётки для мойки авто	Щетка для мойки авто
495	477	Щетка для детейлинга	Кисти для детейлинга
