411	0	0		Мойка авто
412	469	1	Шампуни для ручной мойки	Шампуни для ручной мойки
413	411	0		Бесконтактные шампуни
414	469	0		Консервация и сушка ЛКП
415	469	1	Пена для мойки авто	Активная пена
416	0	0		Экстерьер
417	416	0		Очистка кузова и хрома
418	470	1	Очистители стекол	Очистители стекол
419	472	1	Очистители дисков	Очистители дисков
420	472	1	Очистители шин	Очистители шин
421	472	1	Чернители шин	Чернители шин
422	468	1	Очистители двигателя	Очистители двигателя
423	471	1	Глина для авто	Глина и автоскрабы
424	470	1	Омыватель стекла зимний	Омыватели
425	0	1	Химчистка салона авто	Уход за интерьером
426	468	0		Очистители и обезжириватели
427	425	1	Химия для чистки салона	Средства для химчистки салона
428	425	1	Средства для кожи	Средства для кожи
429	425	1	Полироли для пластика	Полироли для пластика
431	425	1	Нейтрализаторы запаха	Нейтрализаторы запаха
434	425	1	Пятновыводители	Пятновыводители
435	0	1	Полимер для авто	Защитные покрытия
436	435	1	Холодный воск для автомобиля	Квик-детейлеры
437	476	1	Твёрдые воски	Твердый воск
438	435	1	Силанты для авто	Силанти
439	435	1	Жидкое стекло для автомобилей	Керамика и жидкое стекло
440	435	0		Защитные покрытия для пластика
441	435	0		Защитные покрытия для стекол
442	435	0		Защитные покрытия для кожи
443	435	0		Защитные покрытия для ткани
444	435	0		Защитные покрытия для колёс
445	0	1	Аксессуары для мойки авто	Аксессуары
446	445	1	Микрофибра для авто	Микрофибра и тряпки
447	445	1	Пенообразователи для мойки	Распылители и пенники
448	445	1	Вёдра и ёмкости	Ведра и емкости
449	445	0		Щетки, аппликаторы, кисти для интерьера
450	445	0		Мочалки, скребки, щётки для экстерьера
451	445	0		Тряпки для авто
452	445	0		Щетки и кисти
453	445	1	Губки и варежки для мойки	Губки и варежки
454	445	1	Малярный скотч	Малярный скотч
455	445	1		Мерч
456	476	1	Жидкие воски	Жидкий воск
457	0	1	Полировка авто	Полировка
458	457	1	Полировочная паста	Полировальные пасты
459	457	1	Полировальные круги	Полировальные круги
460	457	0		Оправки, подложки (держатели кругов)
461	457	1	Полировальные машинки	Полировальные машинки
462	0	1	Оборудование для химчистки авто	Оборудование
463	462	1	Аппараты Торнадор	Аппараты Tornador
464	462	0		Пылесосы для автомойки
465	462	0		Озоногенераторы
466	445	1	Наборы для авто	Наборы
467	0	1		SALE
468	0	1	Химия для мойки авто	Мойка и Экстерьер
469	468	1	Автошампуни	Автошампуни
470	468	1	Средства для стекол	Средства для стекол
471	468	1	Очистители кузова	Очистители кузова
472	468	1	Средства для дисков и шин	Средства для дисков и шин
473	470	1	Антидождь для стекол	Антидождь
474	471	1	Очистители от насекомых	Антимошка
475	471	1	Антибитумные средства	Антибитум
476	435	1	Воски для авто	Воски
477	445	1		Щетки и кисти
478	471	1	Обезжириватели для авто	Обезжириватели
479	469	1		Кислотные шампуни
480	471	1	Восстановители пластика	Уход за наружным пластиком
481	472	1	Защитное покрытие для дисков	Керамика для дисков
482	446	1		Тряпка для авто
483	446	1		Тряпка для сушки авто
484	446	1		Микрофибра для стекол
485	445	1	Аппликаторы и губки для нанесения	Аксессуары для нанесения средств
486	466	1		Наборы для мойки
487	466	1		Наборы для салона
488	466	1		Подарочные наборы
489	461	1	Аккумуляторные полировальные машинки	Аккумуляторные машинки
490	459	1	Меховые полировальные круги	Меховые круги
491	428	1	Уход за кожей авто	Уход за кожей
492	428	1	Очистители кожи	Очистители кожи
493	0	0	Автохимия опт	Опт и B2B
494	477	1	Щётки для мойки авто	Щетка для мойки авто
495	477	1	Щетка для детейлинга	Кисти для детейлинга
